state,state_code,county,county_code,fips,tsubs
AL,01,Autauga County,001,01001,32000
AL,01,Calhoun County,015,01015,128000
AL,01,Chambers County,017,01017,515636
AL,01,Colbert County,033,01033,43354
AL,01,Jackson County,071,01071,81000000
AL,01,Jefferson County,073,01073,175106061
AL,01,Madison County,089,01089,968900000
AL,01,Mobile County,097,01097,1231500000
AL,01,Montgomery County,101,01101,234600000
AL,01,St. Clair County,115,01115,150000
AL,01,Talladega County,121,01121,89700000
AL,01,Tuscaloosa County,125,01125,220561436
AL,01,Walker County,127,01127,131250
AZ,04,Apache County,001,04001,0
AZ,04,Cochise County,003,04003,0
AZ,04,Coconino County,005,04005,0
AZ,04,Gila County,007,04007,0
AZ,04,Graham County,009,04009,0
AZ,04,Greenlee County,011,04011,0
AZ,04,Maricopa County,013,04013,140827516
AZ,04,Mohave County,015,04015,0
AZ,04,Navajo County,017,04017,0
AZ,04,Pima County,019,04019,0
AZ,04,Pinal County,021,04021,143920000
AZ,04,Santa Cruz County,023,04023,0
AZ,04,Yavapai County,025,04025,0
AZ,04,Yuma County,027,04027,0
CA,06,Alameda County,001,06001,40483670
CA,06,Butte County,007,06007,3139609
CA,06,Calaveras County,009,06009,3200
CA,06,Colusa County,011,06011,830276
CA,06,Contra Costa County,013,06013,7202806
CA,06,El Dorado County,017,06017,872888
CA,06,Fresno County,019,06019,106457733
CA,06,Glenn County,021,06021,1598796
CA,06,Humboldt County,023,06023,592911
CA,06,Imperial County,025,06025,12346242
CA,06,Inyo County,027,06027,33536
CA,06,Kern County,029,06029,27707051
CA,06,Kings County,031,06031,1131714
CA,06,Lake County,033,06033,0
CA,06,Los Angeles County,037,06037,663522917
CA,06,Madera County,039,06039,2091281
CA,06,Marin County,041,06041,3293474
CA,06,Mariposa County,043,06043,683137
CA,06,Mendocino County,045,06045,126798
CA,06,Merced County,047,06047,4420554
CA,06,Modoc County,049,06049,27794
CA,06,Monterey County,053,06053,3198046
CA,06,Napa County,055,06055,303714
CA,06,Nevada County,057,06057,7016
CA,06,Orange County,059,06059,50171199
CA,06,Placer County,061,06061,2684418
CA,06,Riverside County,065,06065,19400133
CA,06,Sacramento County,067,06067,24722232
CA,06,San Benito County,069,06069,388647
CA,06,San Bernardino County,071,06071,16615670
CA,06,San Diego County,073,06073,37761720
CA,06,San Francisco County,075,06075,44410277
CA,06,San Joaquin County,077,06077,25005105
CA,06,San Luis Obispo County,079,06079,1042561
CA,06,San Mateo County,081,06081,8179077
CA,06,Santa Barbara County,083,06083,1309842
CA,06,Santa Clara County,085,06085,44608507
CA,06,Santa Cruz County,087,06087,964131
CA,06,Shasta County,089,06089,1340082
CA,06,Solano County,095,06095,1681181
CA,06,Sonoma County,097,06097,2260323
CA,06,Stanislaus County,099,06099,10065418
CA,06,Sutter County,101,06101,779605
CA,06,Tehama County,103,06103,306786
CA,06,Trinity County,105,06105,323717
CA,06,Tulare County,107,06107,7607686
CA,06,Tuolumne County,109,06109,32380
CA,06,Ventura County,111,06111,5422611
CA,06,Yolo County,113,06113,3565021
CA,06,Yuba County,115,06115,89323
CO,08,Adams County,001,08001,57721759
CO,08,Alamosa County,003,08003,2076524
CO,08,Arapahoe County,005,08005,44276232
CO,08,Archuleta County,007,08007,1109251
CO,08,Baca County,009,08009,1027833
CO,08,Bent County,011,08011,1500955
CO,08,Boulder County,013,08013,9953846
CO,08,Broomfield County,014,08014,3976544
CO,08,Chaffee County,015,08015,694577
CO,08,Cheyenne County,017,08017,723811
CO,08,Clear Creek County,019,08019,1088147
CO,08,Conejos County,021,08021,1298995
CO,08,Costilla County,023,08023,2401586
CO,08,Crowley County,025,08025,351796
CO,08,Custer County,027,08027,92349
CO,08,Delta County,029,08029,1935119
CO,08,Denver County,031,08031,222765380
CO,08,Dolores County,033,08033,897602
CO,08,Douglas County,035,08035,20319474
CO,08,El Paso County,041,08041,49734187
CO,08,Elbert County,039,08039,26432017
CO,08,Fremont County,043,08043,1323508
CO,08,Garfield County,045,08045,8376438
CO,08,Grand County,049,08049,674606
CO,08,Gunnison County,051,08051,845178
CO,08,Huerfano County,055,08055,564986
CO,08,Jackson County,057,08057,316767
CO,08,Jefferson County,059,08059,36629572
CO,08,Kiowa County,061,08061,568618
CO,08,Kit Carson County,063,08063,10943985
CO,08,La Plata County,067,08067,1619129
CO,08,Lake County,065,08065,216535
CO,08,Larimer County,069,08069,20986915
CO,08,Las Animas County,071,08071,4826389
CO,08,Lincoln County,073,08073,9904105
CO,08,Logan County,075,08075,3275940
CO,08,Mesa County,077,08077,6858537
CO,08,Mineral County,079,08079,289220
CO,08,Moffat County,081,08081,1668765
CO,08,Montezuma County,083,08083,7969872
CO,08,Montrose County,085,08085,2388976
CO,08,Morgan County,087,08087,11358580
CO,08,Otero County,089,08089,1543291
CO,08,Ouray County,091,08091,499999
CO,08,Park County,093,08093,86146
CO,08,Phillips County,095,08095,1736034
CO,08,Prowers County,099,08099,6626792
CO,08,Pueblo County,101,08101,23267848
CO,08,Rio Blanco County,103,08103,2192442
CO,08,Rio Grande County,105,08105,4759616
CO,08,Routt County,107,08107,1786494
CO,08,Saguache County,109,08109,1419258
CO,08,San Juan County,111,08111,138337
CO,08,San Miguel County,113,08113,75000
CO,08,Sedgwick County,115,08115,553543
CO,08,Summit County,117,08117,12078
CO,08,Teller County,119,08119,33214
CO,08,Washington County,121,08121,2553796
CO,08,Weld County,123,08123,74841144
CO,08,Yuma County,125,08125,5290512
CT,09,Fairfield County,001,09001,303864893
CT,09,Hartford County,003,09003,95314162
CT,09,Litchfield County,005,09005,5561244
CT,09,Middlesex County,007,09007,18385186
CT,09,New Haven County,009,09009,118897645
CT,09,New London County,011,09011,24487490
CT,09,Tolland County,013,09013,5546887
CT,09,Windham County,015,09015,2693230
DE,10,Kent County,001,10001,15876572
DE,10,New Castle County,003,10003,199388464
DE,10,Sussex County,005,10005,11296276
FL,12,Alachua County,001,12001,13035229
FL,12,Baker County,003,12003,5781600
FL,12,Bay County,005,12005,13981285
FL,12,Brevard County,009,12009,155410983
FL,12,Broward County,011,12011,78376326
FL,12,Calhoun County,013,12013,387590
FL,12,Charlotte County,015,12015,3539452
FL,12,Citrus County,017,12017,3425000
FL,12,Clay County,019,12019,6652110
FL,12,Collier County,021,12021,10286000
FL,12,Columbia County,023,12023,13492600
FL,12,Dade County,025,12025,235165874
FL,12,Dixie County,029,12029,312000
FL,12,Duval County,031,12031,201664690
FL,12,Escambia County,033,12033,23141639
FL,12,Flagler County,035,12035,16894811
FL,12,Franklin County,037,12037,420000
FL,12,Gadsden County,039,12039,1390000
FL,12,Gilchrist County,041,12041,1145500
FL,12,Glades County,043,12043,201600
FL,12,Gulf County,045,12045,3247889
FL,12,Hamilton County,047,12047,3975000
FL,12,Hardee County,049,12049,170000
FL,12,Hendry County,051,12051,1662073
FL,12,Hernando County,053,12053,3083075
FL,12,Highlands County,055,12055,11513050
FL,12,Hillsborough County,057,12057,152066731
FL,12,Holmes County,059,12059,120000
FL,12,Indian River County,061,12061,10054254
FL,12,Jackson County,063,12063,17393339
FL,12,Lake County,069,12069,20681
FL,12,Lee County,071,12071,135221660
FL,12,Leon County,073,12073,10033000
FL,12,Madison County,079,12079,7330000
FL,12,Manatee County,081,12081,13568172
FL,12,Marion County,083,12083,12882995
FL,12,Martin County,085,12085,5715000
FL,12,Miami-Dade County,086,12086,96360375
FL,12,Monroe County,087,12087,227525
FL,12,Nassau County,089,12089,5854400
FL,12,Okaloosa County,091,12091,13525811
FL,12,Okeechobee County,093,12093,10142490
FL,12,Orange County,095,12095,866882528
FL,12,Osceola County,097,12097,13239208
FL,12,Palm Beach County,099,12099,263955979
FL,12,Pasco County,101,12101,29963210
FL,12,Pinellas County,103,12103,93356398
FL,12,Polk County,105,12105,35797423
FL,12,Putnam County,107,12107,5177600
FL,12,Santa Rosa County,113,12113,10360500
FL,12,Sarasota County,115,12115,20020480
FL,12,Seminole County,117,12117,23602281
FL,12,St. Johns County,109,12109,10024000
FL,12,St. Lucie County,111,12111,234087000
FL,12,Sumter County,119,12119,1950000
FL,12,Suwannee County,121,12121,10986500
FL,12,Taylor County,123,12123,10521000
FL,12,Union County,125,12125,994800
FL,12,Volusia County,127,12127,25921239
FL,12,Walton County,131,12131,871348
FL,12,Washington County,133,12133,4449050
GA,13,Appling County,001,13001,1575208
GA,13,Baker County,007,13007,76000
GA,13,Baldwin County,009,13009,1315000
GA,13,Banks County,011,13011,400000
GA,13,Barrow County,013,13013,200000
GA,13,Bartow County,015,13015,714222500
GA,13,Ben Hill County,017,13017,1505000
GA,13,Bibb County,021,13021,13784533
GA,13,Brooks County,027,13027,787500
GA,13,Bryan County,029,13029,1801356000
GA,13,Bulloch County,031,13031,2300000
GA,13,Burke County,033,13033,3480000
GA,13,Butts County,035,13035,200000
GA,13,Camden County,039,13039,994000
GA,13,Carroll County,045,13045,2725330
GA,13,Charlton County,049,13049,112500
GA,13,Chatham County,051,13051,16025000
GA,13,Chattooga County,055,13055,300000
GA,13,Cherokee County,057,13057,850000
GA,13,Clarke County,059,13059,624000
GA,13,Clayton County,063,13063,1795000
GA,13,Clinch County,065,13065,350000
GA,13,Cobb County,067,13067,104450000
GA,13,Coffee County,069,13069,5500000
GA,13,Colquitt County,071,13071,7550000
GA,13,Columbia County,073,13073,2000000
GA,13,Cook County,075,13075,1500000
GA,13,Coweta County,077,13077,358350000
GA,13,Crisp County,081,13081,2681435
GA,13,Dawson County,085,13085,20275
GA,13,Decatur County,087,13087,4456565
GA,13,Dodge County,091,13091,1098447
GA,13,Dooly County,093,13093,21925
GA,13,Dougherty County,095,13095,2000000
GA,13,Douglas County,097,13097,1181000
GA,13,Early County,099,13099,270388
GA,13,Effingham County,103,13103,2950000
GA,13,Elbert County,105,13105,1473300
GA,13,Emanuel County,107,13107,1867000
GA,13,Evans County,109,13109,500000
GA,13,Fulton County,121,13121,310776482
GA,13,Gordon County,129,13129,3000000
GA,13,Grady County,131,13131,2964476
GA,13,Gwinnett County,135,13135,3900000
GA,13,Hall County,139,13139,2700000
GA,13,Hancock County,141,13141,2215000
GA,13,Haralson County,143,13143,3000000
GA,13,Harris County,145,13145,4000000
GA,13,Hart County,147,13147,4350000
GA,13,Henry County,151,13151,1950000
GA,13,Houston County,153,13153,5997740
GA,13,Jackson County,157,13157,319821625
GA,13,Jasper County,159,13159,50000
GA,13,Jeff Davis County,161,13161,1764440
GA,13,Jefferson County,163,13163,1000000
GA,13,Jenkins County,165,13165,500000
GA,13,Johnson County,167,13167,23175
GA,13,Lamar County,171,13171,891769
GA,13,Laurens County,175,13175,4831250
GA,13,Liberty County,179,13179,5937039
GA,13,Lincoln County,181,13181,800000
GA,13,Lowndes County,185,13185,4461452
GA,13,Macon County,193,13193,550000
GA,13,Meriwether County,199,13199,3805450
GA,13,Mitchell County,205,13205,700009
GA,13,Monroe County,207,13207,325000
GA,13,Morgan County,211,13211,300000
GA,13,Murray County,213,13213,750000
GA,13,Muscogee County,215,13215,7671000
GA,13,Newton County,217,13217,212225000
GA,13,Oconee County,219,13219,18000000
GA,13,Peach County,225,13225,11488600
GA,13,Polk County,233,13233,1450000
GA,13,Pulaski County,235,13235,575000
GA,13,Putnam County,237,13237,350000
GA,13,Quitman County,239,13239,200000
GA,13,Richmond County,245,13245,8342705
GA,13,Rockdale County,247,13247,250000
GA,13,Screven County,251,13251,1900000
GA,13,Spalding County,255,13255,1350000
GA,13,Sumter County,261,13261,1296258
GA,13,Taliaferro County,265,13265,2000000
GA,13,Telfair County,271,13271,2150000
GA,13,Thomas County,275,13275,5490000
GA,13,Tift County,277,13277,3750000
GA,13,Toombs County,279,13279,3089971
GA,13,Treutlen County,283,13283,6250000
GA,13,Troup County,285,13285,418250000
GA,13,Turner County,287,13287,165000
GA,13,Twiggs County,289,13289,2080000
GA,13,Union County,291,13291,320000
GA,13,Upson County,293,13293,2987500
GA,13,Walker County,295,13295,350000
GA,13,Walton County,297,13297,850000
GA,13,Ware County,299,13299,4141809
GA,13,Warren County,301,13301,500000
GA,13,Washington County,303,13303,1669500
GA,13,Wayne County,305,13305,130000
GA,13,Whitfield County,313,13313,2100000
GA,13,Wilkes County,317,13317,812858
HI,15,Hawaii County,001,15001,0
HI,15,Honolulu County,003,15003,0
HI,15,Kauai County,007,15007,0
HI,15,Maui County,009,15009,0
IA,19,Adams County,003,19003,10945476
IA,19,Allamakee County,005,19005,1080134
IA,19,Appanoose County,007,19007,1135293
IA,19,Audubon County,009,19009,47094
IA,19,Benton County,011,19011,2637756
IA,19,Black Hawk County,013,19013,50969350
IA,19,Boone County,015,19015,6876145
IA,19,Bremer County,017,19017,5221280
IA,19,Buchanan County,019,19019,14154770
IA,19,Buena Vista County,021,19021,3057500
IA,19,Butler County,023,19023,5532239
IA,19,Carroll County,027,19027,2733977
IA,19,Cass County,029,19029,5215298
IA,19,Cedar County,031,19031,556372
IA,19,Cerro Gordo County,033,19033,11232850
IA,19,Cherokee County,035,19035,4264258
IA,19,Chickasaw County,037,19037,859586
IA,19,Clarke County,039,19039,1741374
IA,19,Clay County,041,19041,1834060
IA,19,Clayton County,043,19043,4932320
IA,19,Clinton County,045,19045,43015893
IA,19,Crawford County,047,19047,10876608
IA,19,Dallas County,049,19049,51328116
IA,19,Decatur County,053,19053,3371774
IA,19,Delaware County,055,19055,1960503
IA,19,Des Moines County,057,19057,17376407
IA,19,Dickinson County,059,19059,7403013
IA,19,Dubuque County,061,19061,58932085
IA,19,Emmet County,063,19063,922990
IA,19,Fayette County,065,19065,10128705
IA,19,Floyd County,067,19067,14170023
IA,19,Franklin County,069,19069,1905886
IA,19,Fremont County,071,19071,443010
IA,19,Grundy County,075,19075,276216
IA,19,Guthrie County,077,19077,1603190
IA,19,Hamilton County,079,19079,156513
IA,19,Hancock County,081,19081,971044
IA,19,Hardin County,083,19083,10535359
IA,19,Harrison County,085,19085,641768
IA,19,Henry County,087,19087,2659845
IA,19,Howard County,089,19089,3398789
IA,19,Humboldt County,091,19091,657045
IA,19,Ida County,093,19093,2345843
IA,19,Iowa County,095,19095,8246806
IA,19,Jackson County,097,19097,188892
IA,19,Jasper County,099,19099,5268411
IA,19,Jefferson County,101,19101,4844854
IA,19,Johnson County,103,19103,9895603
IA,19,Jones County,105,19105,486552
IA,19,Keokuk County,107,19107,170325
IA,19,Kossuth County,109,19109,13804300
IA,19,Lee County,111,19111,352647467
IA,19,Linn County,113,19113,137903555
IA,19,Lucas County,117,19117,3397305
IA,19,Lyon County,119,19119,754986
IA,19,Madison County,121,19121,200000
IA,19,Mahaska County,123,19123,979912
IA,19,Marion County,125,19125,24577152
IA,19,Marshall County,127,19127,3769843
IA,19,Mitchell County,131,19131,25106283
IA,19,Monroe County,135,19135,15751349
IA,19,Montgomery County,137,19137,306856
IA,19,Muscatine County,139,19139,9666603
IA,19,Osceola County,143,19143,345576
IA,19,Page County,145,19145,518000
IA,19,Palo Alto County,147,19147,8255556
IA,19,Plymouth County,149,19149,6887889
IA,19,Polk County,153,19153,272263694
IA,19,Pottawattamie County,155,19155,50464561
IA,19,Poweshiek County,157,19157,3153496
IA,19,Ringgold County,159,19159,85836
IA,19,Sac County,161,19161,3528125
IA,19,Scott County,163,19163,49510915
IA,19,Shelby County,165,19165,5247073
IA,19,Sioux County,167,19167,17238524
IA,19,Story County,169,19169,73121734
IA,19,Tama County,171,19171,6922646
IA,19,Union County,175,19175,1987060
IA,19,Wapello County,179,19179,5284234
IA,19,Warren County,181,19181,13118677
IA,19,Washington County,183,19183,1164924
IA,19,Wayne County,185,19185,3161317
IA,19,Webster County,187,19187,38756624
IA,19,Winnebago County,189,19189,1276663
IA,19,Woodbury County,193,19193,149991772
IA,19,Worth County,195,19195,265685
IA,19,Wright County,197,19197,26191963
IL,17,Champaign County,019,17019,2465000
IL,17,Christian County,021,17021,538448
IL,17,Cook County,031,17031,4982970816
IL,17,Douglas County,041,17041,4300
IL,17,Fayette County,051,17051,2208000
IL,17,Henry County,073,17073,9638827
IL,17,Iroquois County,075,17075,14717324
IL,17,Kane County,089,17089,35527153
IL,17,Kendall County,093,17093,49040888
IL,17,Knox County,095,17095,1200000
IL,17,Lake County,097,17097,28477500
IL,17,Lee County,103,17103,12695275
IL,17,Logan County,107,17107,500000
IL,17,Macon County,115,17115,21229920
IL,17,Madison County,119,17119,3599840
IL,17,Marion County,121,17121,1158964
IL,17,Monroe County,133,17133,1850000
IL,17,Putnam County,155,17155,126000
IL,17,Rock Island County,161,17161,820000
IL,17,St. Clair County,163,17163,5100000
IL,17,Stark County,175,17175,331526
IL,17,Tazewell County,179,17179,1600000
IL,17,Vermilion County,183,17183,2000000
IL,17,Washington County,189,17189,3353582
IL,17,Whiteside County,195,17195,3073619
IL,17,Will County,197,17197,110387173
IL,17,Winnebago County,201,17201,8901400
IN,18,Adams County,001,18001,51774338
IN,18,Allen County,003,18003,396936162
IN,18,Bartholomew County,005,18005,174560276
IN,18,Benton County,007,18007,1605000
IN,18,Blackford County,009,18009,4212500
IN,18,Boone County,011,18011,276297108
IN,18,Carroll County,015,18015,49146800
IN,18,Cass County,017,18017,14322800
IN,18,Clark County,019,18019,178300700
IN,18,Clay County,021,18021,2841000
IN,18,Clinton County,023,18023,45355000
IN,18,Crawford County,025,18025,672000
IN,18,Daviess County,027,18027,7979000
IN,18,Dearborn County,029,18029,15639500
IN,18,Decatur County,031,18031,348053800
IN,18,Delaware County,035,18035,73150082
IN,18,Dubois County,037,18037,22137750
IN,18,Elkhart County,039,18039,420430362
IN,18,Fayette County,041,18041,10355400
IN,18,Floyd County,043,18043,30974388
IN,18,Fountain County,045,18045,1350000
IN,18,Franklin County,047,18047,1461000
IN,18,Fulton County,049,18049,4330100
IN,18,Gibson County,051,18051,23804700
IN,18,Grant County,053,18053,59110000
IN,18,Greene County,055,18055,18594000
IN,18,Hamilton County,057,18057,739810208
IN,18,Hancock County,059,18059,107674800
IN,18,Harrison County,061,18061,13470000
IN,18,Hendricks County,063,18063,204620506
IN,18,Henry County,065,18065,21484000
IN,18,Howard County,067,18067,114341538
IN,18,Huntington County,069,18069,29252800
IN,18,Jackson County,071,18071,27989400
IN,18,Jasper County,073,18073,15118400
IN,18,Jay County,075,18075,11823800
IN,18,Jefferson County,077,18077,25269700
IN,18,Jennings County,079,18079,28073862
IN,18,Johnson County,081,18081,128525060
IN,18,Knox County,083,18083,428671500
IN,18,Kosciusko County,085,18085,195028500
IN,18,Lake County,089,18089,243889172
IN,18,Lawrence County,093,18093,15572000
IN,18,Madison County,095,18095,117753550
IN,18,Marion County,097,18097,2901028712
IN,18,Marshall County,099,18099,47750440
IN,18,Martin County,101,18101,7340000
IN,18,Miami County,103,18103,10812000
IN,18,Monroe County,105,18105,170313206
IN,18,Montgomery County,107,18107,22188394
IN,18,Morgan County,109,18109,43087800
IN,18,Newton County,111,18111,4872000
IN,18,Noble County,113,18113,63566652
IN,18,Ohio County,115,18115,340000
IN,18,Orange County,117,18117,7220000
IN,18,Owen County,119,18119,6100000
IN,18,Perry County,123,18123,21924048
IN,18,Pike County,125,18125,380000
IN,18,Porter County,127,18127,174528464
IN,18,Posey County,129,18129,9959000
IN,18,Pulaski County,131,18131,5844200
IN,18,Putnam County,133,18133,18926000
IN,18,Randolph County,135,18135,40727096
IN,18,Ripley County,137,18137,18260500
IN,18,Rush County,139,18139,8911400
IN,18,Scott County,143,18143,16477100
IN,18,Shelby County,145,18145,57454000
IN,18,Spencer County,147,18147,332000
IN,18,St. Joseph County,141,18141,329939334
IN,18,Starke County,149,18149,4370600
IN,18,Steuben County,151,18151,32295500
IN,18,Sullivan County,153,18153,456800
IN,18,Switzerland County,155,18155,244000
IN,18,Tippecanoe County,157,18157,327977318
IN,18,Tipton County,159,18159,26250000
IN,18,Union County,161,18161,190000
IN,18,Vanderburgh County,163,18163,198441870
IN,18,Vermillion County,165,18165,2783000
IN,18,Vigo County,167,18167,44646512
IN,18,Wabash County,169,18169,8171000
IN,18,Warren County,171,18171,2350524
IN,18,Warrick County,173,18173,47188000
IN,18,Washington County,175,18175,2578500
IN,18,Wayne County,177,18177,48721000
IN,18,Wells County,179,18179,24388600
IN,18,White County,181,18181,14766000
IN,18,Whitley County,183,18183,65475000
KS,20,Allen County,001,20001,63000
KS,20,Anderson County,003,20003,0
KS,20,Atchison County,005,20005,6300
KS,20,Barber County,007,20007,0
KS,20,Barton County,009,20009,270000
KS,20,Bourbon County,011,20011,385000
KS,20,Brown County,013,20013,66000
KS,20,Butler County,015,20015,214850
KS,20,Cherokee County,021,20021,323511
KS,20,Cheyenne County,023,20023,0
KS,20,Cloud County,029,20029,0
KS,20,Cowley County,035,20035,987385
KS,20,Crawford County,037,20037,1160064
KS,20,Dickinson County,041,20041,0
KS,20,Doniphan County,043,20043,0
KS,20,Douglas County,045,20045,3076484
KS,20,Ellis County,051,20051,300000
KS,20,Ellsworth County,053,20053,0
KS,20,Finney County,055,20055,2105000
KS,20,Ford County,057,20057,200000
KS,20,Franklin County,059,20059,90000
KS,20,Geary County,061,20061,150000
KS,20,Gove County,063,20063,0
KS,20,Graham County,065,20065,0
KS,20,Greeley County,071,20071,0
KS,20,Hamilton County,075,20075,0
KS,20,Harper County,077,20077,369621
KS,20,Harvey County,079,20079,2660786
KS,20,Johnson County,091,20091,1360231018
KS,20,Kingman County,095,20095,0
KS,20,Labette County,099,20099,59500
KS,20,Leavenworth County,103,20103,0
KS,20,Linn County,107,20107,88600
KS,20,Logan County,109,20109,0
KS,20,Lyon County,111,20111,267857
KS,20,Marion County,115,20115,0
KS,20,Marshall County,117,20117,0
KS,20,Miami County,121,20121,17000
KS,20,Montgomery County,125,20125,100000
KS,20,Nemaha County,131,20131,0
KS,20,Neosho County,133,20133,800000
KS,20,Norton County,137,20137,0
KS,20,Osborne County,141,20141,20114
KS,20,Ottawa County,143,20143,0
KS,20,Pawnee County,145,20145,0
KS,20,Phillips County,147,20147,0
KS,20,Pottawatomie County,149,20149,439700
KS,20,Pratt County,151,20151,0
KS,20,Rawlins County,153,20153,0
KS,20,Reno County,155,20155,402816
KS,20,Rice County,159,20159,50000
KS,20,Riley County,161,20161,22086388
KS,20,Russell County,167,20167,827006
KS,20,Saline County,169,20169,1886245
KS,20,Scott County,171,20171,6000
KS,20,Sedgwick County,173,20173,46024565
KS,20,Seward County,175,20175,0
KS,20,Shawnee County,177,20177,3862372
KS,20,Sheridan County,179,20179,0
KS,20,Sherman County,181,20181,0
KS,20,Smith County,183,20183,0
KS,20,Stafford County,185,20185,0
KS,20,Stevens County,189,20189,250000
KS,20,Sumner County,191,20191,0
KS,20,Thomas County,193,20193,0
KS,20,Wilson County,205,20205,251691
KS,20,Wyandotte County,209,20209,153122650
KY,21,Adair County,001,21001,1704749
KY,21,Allen County,003,21003,23647160
KY,21,Anderson County,005,21005,21531093
KY,21,Ballard County,007,21007,29014000
KY,21,Barren County,009,21009,58548098
KY,21,Bath County,011,21011,14831000
KY,21,Bell County,013,21013,12100871
KY,21,Boone County,015,21015,388822302
KY,21,Bourbon County,017,21017,16313449
KY,21,Boyd County,019,21019,54168500
KY,21,Boyle County,021,21021,55389723
KY,21,Bracken County,023,21023,4000000
KY,21,Breathitt County,025,21025,302422
KY,21,Breckinridge County,027,21027,8306000
KY,21,Bullitt County,029,21029,141120604
KY,21,Butler County,031,21031,46479960
KY,21,Caldwell County,033,21033,10138728
KY,21,Calloway County,035,21035,67391526
KY,21,Campbell County,037,21037,43020662
KY,21,Carlisle County,039,21039,503500
KY,21,Carroll County,041,21041,27413980
KY,21,Carter County,043,21043,14903500
KY,21,Casey County,045,21045,7808300
KY,21,Christian County,047,21047,182358834
KY,21,Clark County,049,21049,71237475
KY,21,Clay County,051,21051,42449000
KY,21,Clinton County,053,21053,5023000
KY,21,Crittenden County,055,21055,6203063
KY,21,Cumberland County,057,21057,1520000
KY,21,Daviess County,059,21059,76191828
KY,21,Edmonson County,061,21061,7439905
KY,21,Estill County,065,21065,530684
KY,21,Fayette County,067,21067,223013237
KY,21,Fleming County,069,21069,6382000
KY,21,Floyd County,071,21071,538000
KY,21,Franklin County,073,21073,46486549
KY,21,Fulton County,075,21075,30990472
KY,21,Gallatin County,077,21077,53648723
KY,21,Garrard County,079,21079,4448690
KY,21,Grant County,081,21081,24826215
KY,21,Graves County,083,21083,28543772
KY,21,Grayson County,085,21085,50473392
KY,21,Green County,087,21087,1330000
KY,21,Greenup County,089,21089,25117265
KY,21,Hancock County,091,21091,94046801
KY,21,Hardin County,093,21093,163878797
KY,21,Harlan County,095,21095,2347973
KY,21,Harrison County,097,21097,11609681
KY,21,Hart County,099,21099,33975488
KY,21,Henderson County,101,21101,425367295
KY,21,Henry County,103,21103,3236530
KY,21,Hickman County,105,21105,1759000
KY,21,Hopkins County,107,21107,117555640
KY,21,Jackson County,109,21109,10948798
KY,21,Jefferson County,111,21111,1406932206
KY,21,Jessamine County,113,21113,15349505
KY,21,Johnson County,115,21115,7979000
KY,21,Kenton County,117,21117,120184789
KY,21,Knott County,119,21119,30000000
KY,21,Knox County,121,21121,62496248
KY,21,Larue County,123,21123,6909625
KY,21,Laurel County,125,21125,70683366
KY,21,Lawrence County,127,21127,889500
KY,21,Lee County,129,21129,1250000
KY,21,Leslie County,131,21131,24000
KY,21,Letcher County,133,21133,5954000
KY,21,Lewis County,135,21135,8332198
KY,21,Lincoln County,137,21137,5098118
KY,21,Livingston County,139,21139,1467000
KY,21,Logan County,141,21141,54068172
KY,21,Lyon County,143,21143,952000
KY,21,Madison County,151,21151,68318188
KY,21,Magoffin County,153,21153,6464148
KY,21,Marion County,155,21155,82683933
KY,21,Marshall County,157,21157,165145860
KY,21,Martin County,159,21159,3132200
KY,21,Mason County,161,21161,12626390
KY,21,Meade County,163,21163,42812500
KY,21,Menifee County,165,21165,1548293
KY,21,Mercer County,167,21167,34442827
KY,21,Metcalfe County,169,21169,7475094
KY,21,Monroe County,171,21171,4923610
KY,21,Montgomery County,173,21173,34228828
KY,21,Morgan County,175,21175,825000
KY,21,Muhlenberg County,177,21177,281708810
KY,21,Nelson County,179,21179,68903431
KY,21,Ohio County,183,21183,99004679
KY,21,Oldham County,185,21185,44854945
KY,21,Owen County,187,21187,4140000
KY,21,Pendleton County,191,21191,478460
KY,21,Perry County,193,21193,25823110
KY,21,Pike County,195,21195,14251000
KY,21,Powell County,197,21197,5530000
KY,21,Pulaski County,199,21199,85571101
KY,21,Rockcastle County,203,21203,14008488
KY,21,Rowan County,205,21205,26053500
KY,21,Russell County,207,21207,33735428
KY,21,Scott County,209,21209,235987526
KY,21,Shelby County,211,21211,95392443
KY,21,Simpson County,213,21213,133152721
KY,21,Spencer County,215,21215,324500
KY,21,Taylor County,217,21217,57627096
KY,21,Todd County,219,21219,22810500
KY,21,Trigg County,221,21221,10687401
KY,21,Union County,225,21225,42514790
KY,21,Warren County,227,21227,256553212
KY,21,Washington County,229,21229,35980028
KY,21,Wayne County,231,21231,18721793
KY,21,Webster County,233,21233,2887891
KY,21,Whitley County,235,21235,32197308
KY,21,Wolfe County,237,21237,900000
KY,21,Woodford County,239,21239,54759593
MA,25,Bristol County,005,25005,15469700
MD,24,Allegany County,001,24001,4844916
MD,24,Anne Arundel County,003,24003,66450842
MD,24,Baltimore County,005,24005,119384670
MD,24,Calvert County,009,24009,260332
MD,24,Caroline County,011,24011,7621373
MD,24,Carroll County,013,24013,7648791
MD,24,Cecil County,015,24015,6914017
MD,24,Charles County,017,24017,1380103
MD,24,Dorchester County,019,24019,7177558
MD,24,Frederick County,021,24021,37919034
MD,24,Garrett County,023,24023,6318907
MD,24,Harford County,025,24025,39733450
MD,24,Howard County,027,24027,24896950
MD,24,Kent County,029,24029,1240090
MD,24,Montgomery County,031,24031,195155234
MD,24,Prince George's County,033,24033,152482645
MD,24,Queen Anne's County,035,24035,2364648
MD,24,Somerset County,039,24039,137139
MD,24,St. Mary's County,037,24037,398184
MD,24,Talbot County,041,24041,473727
MD,24,Washington County,043,24043,19424593
MD,24,Wicomico County,045,24045,2537137
MD,24,Worcester County,047,24047,253820
ME,23,Washington County,029,23029,6963
MI,26,Allegan County,005,26005,1000000
MI,26,Barry County,015,26015,350000
MI,26,Bay County,017,26017,320000
MI,26,Berrien County,021,26021,2750000
MI,26,Branch County,023,26023,360000
MI,26,Calhoun County,025,26025,12411600
MI,26,Cass County,027,26027,300000
MI,26,Clinton County,037,26037,2800000
MI,26,Eaton County,045,26045,284600000
MI,26,Emmet County,047,26047,180000
MI,26,Genesee County,049,26049,1000000
MI,26,Grand Traverse County,055,26055,8000000
MI,26,Hillsdale County,059,26059,150000
MI,26,Ingham County,065,26065,90309879
MI,26,Ionia County,067,26067,1500000
MI,26,Iosco County,069,26069,2000000
MI,26,Jackson County,075,26075,875000
MI,26,Kalamazoo County,077,26077,8785000
MI,26,Kent County,081,26081,267719160
MI,26,Lapeer County,087,26087,800000
MI,26,Lenawee County,091,26091,5665000
MI,26,Livingston County,093,26093,4500000
MI,26,Macomb County,099,26099,16600000
MI,26,Marquette County,103,26103,2000000
MI,26,Menominee County,109,26109,1000000
MI,26,Midland County,111,26111,194300000
MI,26,Monroe County,115,26115,4600000
MI,26,Montcalm County,117,26117,3840000
MI,26,Muskegon County,121,26121,113140000
MI,26,Oakland County,125,26125,2426959035
MI,26,Oscoda County,135,26135,1000000
MI,26,Ottawa County,139,26139,369400000
MI,26,Saginaw County,145,26145,374800000
MI,26,St. Clair County,147,26147,6179000
MI,26,St. Joseph County,149,26149,200000
MI,26,Tuscola County,157,26157,165000
MI,26,Van Buren County,159,26159,350000
MI,26,Washtenaw County,161,26161,9460000
MI,26,Wayne County,163,26163,1788850000
MI,26,Wexford County,165,26165,1600000
MN,27,Anoka County,003,27003,2475500
MN,27,Beltrami County,007,27007,70000
MN,27,Benton County,009,27009,23800
MN,27,Blue Earth County,013,27013,556370
MN,27,Brown County,015,27015,835000
MN,27,Carver County,019,27019,367265
MN,27,Cass County,021,27021,178981
MN,27,Chisago County,025,27025,205000
MN,27,Clay County,027,27027,2002558
MN,27,Cottonwood County,033,27033,1300000
MN,27,Dakota County,037,27037,7186476
MN,27,Dodge County,039,27039,770000
MN,27,Douglas County,041,27041,503103
MN,27,Fillmore County,045,27045,0
MN,27,Goodhue County,049,27049,80500
MN,27,Hennepin County,053,27053,9914921
MN,27,Isanti County,059,27059,1075828
MN,27,Itasca County,061,27061,0
MN,27,Kanabec County,065,27065,440000
MN,27,Kandiyohi County,067,27067,2332519
MN,27,Kittson County,069,27069,160000
MN,27,Lake County,075,27075,11005
MN,27,Martin County,091,27091,717280
MN,27,Mille Lacs County,095,27095,31500
MN,27,Mower County,099,27099,35000
MN,27,Nicollet County,103,27103,0
MN,27,Nobles County,105,27105,32090
MN,27,Norman County,107,27107,24500
MN,27,Olmsted County,109,27109,585947545
MN,27,Otter Tail County,111,27111,544145
MN,27,Pine County,115,27115,235000
MN,27,Polk County,119,27119,28000
MN,27,Ramsey County,123,27123,5926737
MN,27,Rice County,131,27131,1803848
MN,27,Scott County,139,27139,6784828
MN,27,Sherburne County,141,27141,5666079
MN,27,St. Louis County,137,27137,13554379
MN,27,Stearns County,145,27145,5828110
MN,27,Swift County,151,27151,39710
MN,27,Wadena County,159,27159,27000
MN,27,Waseca County,161,27161,56500
MN,27,Washington County,163,27163,655500
MN,27,Watonwan County,165,27165,510832
MN,27,Wilkin County,167,27167,0
MN,27,Winona County,169,27169,1232630
MN,27,Wright County,171,27171,3053602
MO,29,Andrew County,003,29003,740939
MO,29,Atchison County,005,29005,426794
MO,29,Barry County,009,29009,321534
MO,29,Boone County,019,29019,4355577
MO,29,Buchanan County,021,29021,13879
MO,29,Cape Girardeau County,031,29031,210953
MO,29,Cass County,037,29037,966640
MO,29,Chariton County,041,29041,63931
MO,29,Christian County,043,29043,918000
MO,29,Clay County,047,29047,2452514
MO,29,Cole County,051,29051,366876
MO,29,Crawford County,055,29055,88565
MO,29,Franklin County,071,29071,1074277
MO,29,Gasconade County,073,29073,558019
MO,29,Greene County,077,29077,2910683
MO,29,Howard County,089,29089,384750
MO,29,Jackson County,095,29095,357456064
MO,29,Jasper County,097,29097,950267
MO,29,Johnson County,101,29101,356372
MO,29,Macon County,121,29121,4601052
MO,29,Marion County,127,29127,51840
MO,29,Miller County,131,29131,1159926
MO,29,Moniteau County,135,29135,113528
MO,29,Montgomery County,139,29139,159500
MO,29,Nodaway County,147,29147,1331
MO,29,Pettis County,159,29159,4748911
MO,29,Phelps County,161,29161,114637
MO,29,Platte County,165,29165,0
MO,29,Polk County,167,29167,1030453
MO,29,Randolph County,175,29175,73771
MO,29,Scott County,201,29201,1539275
MO,29,St. Charles County,183,29183,90760203
MO,29,St. Francois County,187,29187,538157
MO,29,St. Louis County,189,29189,597289743
MO,29,Ste. Genevieve County,186,29186,642270
MO,29,Warren County,219,29219,407842
MO,29,Wayne County,223,29223,139237
MS,28,Adams County,001,28001,4644614
MS,28,Alcorn County,003,28003,6466234
MS,28,Amite County,005,28005,4600000
MS,28,Attala County,007,28007,379214
MS,28,Bolivar County,011,28011,7297773
MS,28,Calhoun County,013,28013,1282376
MS,28,Carroll County,015,28015,92400
MS,28,Chickasaw County,017,28017,650000
MS,28,Choctaw County,019,28019,414000
MS,28,Claiborne County,021,28021,200000
MS,28,Clarke County,023,28023,655850
MS,28,Clay County,025,28025,358981915
MS,28,Coahoma County,027,28027,2398660
MS,28,Copiah County,029,28029,575000
MS,28,Forrest County,035,28035,92651010
MS,28,George County,039,28039,1500000
MS,28,Greene County,041,28041,313076
MS,28,Grenada County,043,28043,3106860
MS,28,Hancock County,045,28045,9894750
MS,28,Harrison County,047,28047,447951827
MS,28,Hinds County,049,28049,324784666
MS,28,Holmes County,051,28051,1889528
MS,28,Humphreys County,053,28053,200000
MS,28,Itawamba County,057,28057,1487500
MS,28,Jackson County,059,28059,5637800
MS,28,Jasper County,061,28061,634845
MS,28,Jefferson County,063,28063,0
MS,28,Jefferson Davis County,065,28065,50000
MS,28,Jones County,067,28067,425000
MS,28,Kemper County,069,28069,536000
MS,28,Lafayette County,071,28071,784508
MS,28,Lamar County,073,28073,1000000
MS,28,Lauderdale County,075,28075,7890850
MS,28,Leake County,079,28079,150000
MS,28,Lee County,081,28081,24586377
MS,28,Leflore County,083,28083,8262837
MS,28,Lincoln County,085,28085,1300000
MS,28,Lowndes County,087,28087,448762900
MS,28,Madison County,089,28089,1415209512
MS,28,Marion County,091,28091,1547000
MS,28,Marshall County,093,28093,28223341
MS,28,Monroe County,095,28095,2024300
MS,28,Montgomery County,097,28097,296475
MS,28,Neshoba County,099,28099,4675000
MS,28,Newton County,101,28101,1940000
MS,28,Noxubee County,103,28103,368000
MS,28,Oktibbeha County,105,28105,3575000
MS,28,Panola County,107,28107,10571040
MS,28,Pearl River County,109,28109,2850000
MS,28,Pike County,113,28113,2900000
MS,28,Pontotoc County,115,28115,1750000
MS,28,Prentiss County,117,28117,2012000
MS,28,Quitman County,119,28119,498347
MS,28,Rankin County,121,28121,105123968
MS,28,Scott County,123,28123,1875505
MS,28,Simpson County,127,28127,150000
MS,28,Stone County,131,28131,155996
MS,28,Sunflower County,133,28133,208500
MS,28,Tallahatchie County,135,28135,459967
MS,28,Tate County,137,28137,4903637
MS,28,Tippah County,139,28139,2345000
MS,28,Tishomingo County,141,28141,5395790
MS,28,Tunica County,143,28143,50700011
MS,28,Union County,145,28145,1297050
MS,28,Walthall County,147,28147,240185
MS,28,Warren County,149,28149,4426694
MS,28,Washington County,151,28151,607728
MS,28,Wayne County,153,28153,100000
MS,28,Webster County,155,28155,445000
MS,28,Wilkinson County,157,28157,2000000
MS,28,Winston County,159,28159,379387
MS,28,Yalobusha County,161,28161,3193000
MS,28,Yazoo County,163,28163,3300000
MT,30,Beaverhead County,001,30001,241748
MT,30,Big Horn County,003,30003,282500
MT,30,Blaine County,005,30005,78350
MT,30,Broadwater County,007,30007,53298
MT,30,Carbon County,009,30009,77957
MT,30,Cascade County,013,30013,3546686
MT,30,Chouteau County,015,30015,611298
MT,30,Custer County,017,30017,678200
MT,30,Daniels County,019,30019,2200
MT,30,Dawson County,021,30021,78204
MT,30,Deer Lodge County,023,30023,262250
MT,30,Fallon County,025,30025,110928
MT,30,Fergus County,027,30027,290079
MT,30,Flathead County,029,30029,3963491
MT,30,Gallatin County,031,30031,10617859
MT,30,Glacier County,035,30035,258100
MT,30,Golden Valley County,037,30037,7155
MT,30,Granite County,039,30039,51200
MT,30,Hill County,041,30041,49975
MT,30,Jefferson County,043,30043,136839
MT,30,Judith Basin County,045,30045,2500
MT,30,Lake County,047,30047,742292
MT,30,Liberty County,051,30051,234500
MT,30,Lincoln County,053,30053,520043
MT,30,Madison County,057,30057,85408
MT,30,Meagher County,059,30059,12975
MT,30,Mineral County,061,30061,10250
MT,30,Missoula County,063,30063,13814894
MT,30,Musselshell County,065,30065,306000
MT,30,Park County,067,30067,2044394
MT,30,Petroleum County,069,30069,10500
MT,30,Phillips County,071,30071,599775
MT,30,Pondera County,073,30073,351439
MT,30,Powell County,077,30077,37800
MT,30,Prairie County,079,30079,25000
MT,30,Ravalli County,081,30081,2320712
MT,30,Richland County,083,30083,108325
MT,30,Roosevelt County,085,30085,753849
MT,30,Rosebud County,087,30087,72000
MT,30,Sanders County,089,30089,243069
MT,30,Sheridan County,091,30091,25000
MT,30,Silver Bow County,093,30093,2692866
MT,30,Stillwater County,095,30095,207360
MT,30,Sweet Grass County,097,30097,25043
MT,30,Teton County,099,30099,13642
MT,30,Toole County,101,30101,354500
MT,30,Valley County,105,30105,116098
MT,30,Wheatland County,107,30107,91992
MT,30,Yellowstone County,111,30111,4009550
NC,37,Alamance County,001,37001,17536492
NC,37,Alexander County,003,37003,1048599
NC,37,Alleghany County,005,37005,37500
NC,37,Anson County,007,37007,166500
NC,37,Ashe County,009,37009,1333000
NC,37,Beaufort County,013,37013,18604470
NC,37,Bertie County,015,37015,20000
NC,37,Bladen County,017,37017,751250
NC,37,Brunswick County,019,37019,3891834
NC,37,Buncombe County,021,37021,26694223
NC,37,Burke County,023,37023,11116105
NC,37,Cabarrus County,025,37025,56403751
NC,37,Caldwell County,027,37027,262822218
NC,37,Carteret County,031,37031,150000
NC,37,Caswell County,033,37033,50000
NC,37,Catawba County,035,37035,17619772
NC,37,Chatham County,037,37037,439327809
NC,37,Cherokee County,039,37039,823150
NC,37,Chowan County,041,37041,547473
NC,37,Cleveland County,045,37045,25453335
NC,37,Columbus County,047,37047,339190
NC,37,Craven County,049,37049,11537932
NC,37,Cumberland County,051,37051,2413128
NC,37,Dare County,055,37055,213000
NC,37,Davidson County,057,37057,13291579
NC,37,Davie County,059,37059,9507800
NC,37,Duplin County,061,37061,1316000
NC,37,Durham County,063,37063,135339317
NC,37,Edgecombe County,065,37065,28282339
NC,37,Forsyth County,067,37067,311590674
NC,37,Franklin County,069,37069,4055221
NC,37,Gaston County,071,37071,14098900
NC,37,Graham County,075,37075,245946
NC,37,Granville County,077,37077,5191900
NC,37,Greene County,079,37079,107500
NC,37,Guilford County,081,37081,118634396
NC,37,Halifax County,083,37083,8507137
NC,37,Harnett County,085,37085,802942
NC,37,Haywood County,087,37087,140000
NC,37,Henderson County,089,37089,7538426
NC,37,Hertford County,091,37091,512000
NC,37,Hoke County,093,37093,973040
NC,37,Iredell County,097,37097,19399350
NC,37,Jackson County,099,37099,31250
NC,37,Johnston County,101,37101,139057000
NC,37,Jones County,103,37103,340000
NC,37,Lee County,105,37105,19818800
NC,37,Lenoir County,107,37107,17777360
NC,37,Lincoln County,109,37109,2866250
NC,37,Martin County,117,37117,2026060
NC,37,Mecklenburg County,119,37119,1305926461
NC,37,Mitchell County,121,37121,51500
NC,37,Montgomery County,123,37123,921760
NC,37,Moore County,125,37125,87500
NC,37,Nash County,127,37127,4763971
NC,37,New Hanover County,129,37129,30922028
NC,37,Northampton County,131,37131,2689419
NC,37,Onslow County,133,37133,1243875
NC,37,Orange County,135,37135,8083120
NC,37,Pasquotank County,139,37139,717500
NC,37,Pender County,141,37141,1300000
NC,37,Perquimans County,143,37143,75000
NC,37,Person County,145,37145,12575570
NC,37,Pitt County,147,37147,19665984
NC,37,Polk County,149,37149,515000
NC,37,Randolph County,151,37151,523502045
NC,37,Richmond County,153,37153,4596694
NC,37,Robeson County,155,37155,2551805
NC,37,Rockingham County,157,37157,44834012
NC,37,Rowan County,159,37159,21684071
NC,37,Rutherford County,161,37161,9674338
NC,37,Sampson County,163,37163,8823919
NC,37,Scotland County,165,37165,8265272
NC,37,Stanly County,167,37167,852500
NC,37,Stokes County,169,37169,68305
NC,37,Surry County,171,37171,1299844
NC,37,Transylvania County,175,37175,297298
NC,37,Union County,179,37179,2048500
NC,37,Vance County,181,37181,3469000
NC,37,Wake County,183,37183,372413149
NC,37,Washington County,187,37187,1259550
NC,37,Wayne County,191,37191,1135466
NC,37,Wilkes County,193,37193,1985825
NC,37,Wilson County,195,37195,18000200
NC,37,Yadkin County,197,37197,860000
NC,37,Yancey County,199,37199,1366200
NE,31,Adams County,001,31001,7091426
NE,31,Antelope County,003,31003,743912
NE,31,Boone County,011,31011,4412849
NE,31,Box Butte County,013,31013,2918847
NE,31,Brown County,017,31017,192821
NE,31,Buffalo County,019,31019,24978838
NE,31,Burt County,021,31021,131498
NE,31,Butler County,023,31023,715227
NE,31,Cass County,025,31025,3890012
NE,31,Cedar County,027,31027,1708424
NE,31,Chase County,029,31029,304363
NE,31,Cherry County,031,31031,713072
NE,31,Cheyenne County,033,31033,10499865
NE,31,Clay County,035,31035,153538
NE,31,Colfax County,037,31037,307456
NE,31,Cuming County,039,31039,2735207
NE,31,Custer County,041,31041,3141331
NE,31,Dakota County,043,31043,11488169
NE,31,Dawes County,045,31045,1063212
NE,31,Dawson County,047,31047,24614243
NE,31,Dixon County,051,31051,2508220
NE,31,Dodge County,053,31053,16636370
NE,31,Douglas County,055,31055,513140242
NE,31,Dundy County,057,31057,682840
NE,31,Fillmore County,059,31059,8546019
NE,31,Frontier County,063,31063,271321
NE,31,Furnas County,065,31065,6007924
NE,31,Gage County,067,31067,24006012
NE,31,Garfield County,071,31071,61301
NE,31,Gosper County,073,31073,72882
NE,31,Greeley County,077,31077,108532
NE,31,Hall County,079,31079,25118139
NE,31,Hamilton County,081,31081,1169916
NE,31,Harlan County,083,31083,951425
NE,31,Holt County,089,31089,9785967
NE,31,Howard County,093,31093,416670
NE,31,Jefferson County,095,31095,1783733
NE,31,Johnson County,097,31097,200750349
NE,31,Kearney County,099,31099,334169
NE,31,Keith County,101,31101,4837663
NE,31,Kimball County,105,31105,140637
NE,31,Knox County,107,31107,101662
NE,31,Lancaster County,109,31109,70940710
NE,31,Lincoln County,111,31111,12727122
NE,31,Madison County,119,31119,6038573
NE,31,Merrick County,121,31121,13301752
NE,31,Morrill County,123,31123,9213959
NE,31,Nance County,125,31125,1340323
NE,31,Nemaha County,127,31127,2696937
NE,31,Nuckolls County,129,31129,1960235
NE,31,Otoe County,131,31131,896966
NE,31,Pawnee County,133,31133,270398
NE,31,Perkins County,135,31135,452216
NE,31,Phelps County,137,31137,3774986
NE,31,Platte County,141,31141,6254692
NE,31,Polk County,143,31143,190775
NE,31,Red Willow County,145,31145,3966410
NE,31,Richardson County,147,31147,3125718
NE,31,Saline County,151,31151,1303610
NE,31,Sarpy County,153,31153,17015466
NE,31,Saunders County,155,31155,11416118
NE,31,Scotts Bluff County,157,31157,6519301
NE,31,Seward County,159,31159,2109439
NE,31,Sheridan County,161,31161,18152
NE,31,Sherman County,163,31163,874673
NE,31,Thayer County,169,31169,1301946
NE,31,Thurston County,173,31173,324518
NE,31,Valley County,175,31175,11377538
NE,31,Washington County,177,31177,2760351
NE,31,Wayne County,179,31179,1524499
NE,31,Webster County,181,31181,152239
NE,31,York County,185,31185,2912917
NJ,34,Atlantic County,001,34001,574156289
NJ,34,Bergen County,003,34003,638268981
NJ,34,Burlington County,005,34005,279824022
NJ,34,Camden County,007,34007,2243136558
NJ,34,Cumberland County,011,34011,94901670
NJ,34,Essex County,013,34013,932785051
NJ,34,Gloucester County,015,34015,142419033
NJ,34,Hudson County,017,34017,2059456503
NJ,34,Hunterdon County,019,34019,30306550
NJ,34,Mercer County,021,34021,252001680
NJ,34,Middlesex County,023,34023,638064673
NJ,34,Monmouth County,025,34025,142196205
NJ,34,Morris County,027,34027,387806997
NJ,34,Ocean County,029,34029,56407988
NJ,34,Passaic County,031,34031,350646799
NJ,34,Salem County,033,34033,0
NJ,34,Somerset County,035,34035,189700553
NJ,34,Sussex County,037,34037,587633
NJ,34,Union County,039,34039,205457270
NJ,34,Warren County,041,34041,1050000
NM,35,Bernalillo County,001,35001,596426926
NM,35,Chaves County,005,35005,4932271
NM,35,Colfax County,007,35007,73636
NM,35,Curry County,009,35009,1116958
NM,35,Dona Ana County,013,35013,28661529
NM,35,Eddy County,015,35015,1547928
NM,35,Grant County,017,35017,225260
NM,35,Guadalupe County,019,35019,501534
NM,35,Lea County,025,35025,1183525
NM,35,Lincoln County,027,35027,101540
NM,35,Los Alamos County,028,35028,1116862
NM,35,Luna County,029,35029,828670
NM,35,Otero County,035,35035,2567556
NM,35,Quay County,037,35037,50000
NM,35,Rio Arriba County,039,35039,120728
NM,35,Roosevelt County,041,35041,1787403
NM,35,San Juan County,045,35045,3312848
NM,35,San Miguel County,047,35047,716163
NM,35,Sandoval County,043,35043,2025574679
NM,35,Santa Fe County,049,35049,9992802
NM,35,Sierra County,051,35051,859722
NM,35,Socorro County,053,35053,298636
NM,35,Taos County,055,35055,1131990
NM,35,Torrance County,057,35057,1001687
NM,35,Valencia County,061,35061,13408795
NV,32,Churchill County,001,32001,17744021
NV,32,Clark County,003,32003,600141547
NV,32,Douglas County,005,32005,8049081
NV,32,Elko County,007,32007,2051234
NV,32,Humboldt County,013,32013,12967753
NV,32,Lyon County,019,32019,25271262
NV,32,Nye County,023,32023,2328266
NV,32,Pershing County,027,32027,197400
NV,32,Storey County,029,32029,1371902151
NV,32,Washoe County,031,32031,397692392
NV,32,White Pine County,033,32033,291767
NY,36,Albany County,001,36001,116739482
NY,36,Allegany County,003,36003,6111216
NY,36,Bronx County,005,36005,979102206
NY,36,Broome County,007,36007,197554396
NY,36,Cattaraugus County,009,36009,43694252
NY,36,Cayuga County,011,36011,23751962
NY,36,Chautauqua County,013,36013,9404186
NY,36,Chenango County,017,36017,32670192
NY,36,Clinton County,019,36019,29171070
NY,36,Columbia County,021,36021,5291984
NY,36,Cortland County,023,36023,1061924
NY,36,Delaware County,025,36025,3313320
NY,36,Dutchess County,027,36027,1709528556
NY,36,Erie County,029,36029,2186517956
NY,36,Franklin County,033,36033,9164858
NY,36,Genesee County,037,36037,547168790
NY,36,Greene County,039,36039,235812382
NY,36,Herkimer County,043,36043,930760
NY,36,Jefferson County,045,36045,12825570
NY,36,Kings County,047,36047,1358853996
NY,36,Livingston County,051,36051,9549034
NY,36,Monroe County,055,36055,104977600
NY,36,Montgomery County,057,36057,31176652
NY,36,Nassau County,059,36059,329478492
NY,36,New York County,061,36061,8038125332
NY,36,Niagara County,063,36063,1748187564
NY,36,Oneida County,065,36065,49469150
NY,36,Onondaga County,067,36067,1498133358
NY,36,Ontario County,069,36069,40671614
NY,36,Orange County,071,36071,45051072
NY,36,Orleans County,073,36073,2033036
NY,36,Oswego County,075,36075,211875046
NY,36,Queens County,081,36081,2515100810
NY,36,Rensselaer County,083,36083,577200706
NY,36,Richmond County,085,36085,30961248
NY,36,Rockland County,087,36087,135881682
NY,36,Saratoga County,091,36091,2453305858
NY,36,Schenectady County,093,36093,126552358
NY,36,Schoharie County,095,36095,22553426
NY,36,Schuyler County,097,36097,7920182
NY,36,Seneca County,099,36099,14023310
NY,36,St. Lawrence County,089,36089,170841268
NY,36,Steuben County,101,36101,40736938
NY,36,Suffolk County,103,36103,297356618
NY,36,Sullivan County,105,36105,43581326
NY,36,Tioga County,107,36107,25940786
NY,36,Tompkins County,109,36109,3649146
NY,36,Ulster County,111,36111,53214236
NY,36,Warren County,113,36113,10723638
NY,36,Washington County,115,36115,2681640
NY,36,Wayne County,117,36117,4303826
NY,36,Westchester County,119,36119,1504139968
NY,36,Wyoming County,121,36121,54413308
NY,36,Yates County,123,36123,3765888
OH,39,Adams County,001,39001,32313
OH,39,Allen County,003,39003,14789748
OH,39,Ashland County,005,39005,13132450
OH,39,Ashtabula County,007,39007,3890151
OH,39,Athens County,009,39009,23890674
OH,39,Auglaize County,011,39011,14335649
OH,39,Belmont County,013,39013,2390306
OH,39,Brown County,015,39015,769327
OH,39,Butler County,017,39017,58084595
OH,39,Carroll County,019,39019,735000
OH,39,Champaign County,021,39021,1425788
OH,39,Clark County,023,39023,18588105
OH,39,Clermont County,025,39025,19239859
OH,39,Clinton County,027,39027,127743740
OH,39,Columbiana County,029,39029,4784099
OH,39,Coshocton County,031,39031,2044278
OH,39,Crawford County,033,39033,2273760
OH,39,Cuyahoga County,035,39035,670141323
OH,39,Darke County,037,39037,7602451
OH,39,Defiance County,039,39039,26081629
OH,39,Delaware County,041,39041,99348878
OH,39,Erie County,043,39043,8076059
OH,39,Fairfield County,045,39045,3792390
OH,39,Fayette County,047,39047,80314269
OH,39,Franklin County,049,39049,706720763
OH,39,Fulton County,051,39051,5830952
OH,39,Gallia County,053,39053,741922
OH,39,Geauga County,055,39055,8530981
OH,39,Greene County,057,39057,14591614
OH,39,Guernsey County,059,39059,4271959
OH,39,Hamilton County,061,39061,989830723
OH,39,Hancock County,063,39063,98770736
OH,39,Hardin County,065,39065,5408553
OH,39,Harrison County,067,39067,9500
OH,39,Henry County,069,39069,5282673
OH,39,Highland County,071,39071,1257835
OH,39,Hocking County,073,39073,415397
OH,39,Holmes County,075,39075,2079670
OH,39,Huron County,077,39077,2586512
OH,39,Jackson County,079,39079,10591474
OH,39,Jefferson County,081,39081,3694844
OH,39,Knox County,083,39083,6649810
OH,39,Lake County,085,39085,13158606
OH,39,Lawrence County,087,39087,11939491
OH,39,Licking County,089,39089,582203660
OH,39,Logan County,091,39091,5479835
OH,39,Lorain County,093,39093,312145944
OH,39,Lucas County,095,39095,94833546
OH,39,Madison County,097,39097,10535679
OH,39,Mahoning County,099,39099,25026676
OH,39,Marion County,101,39101,9320712
OH,39,Medina County,103,39103,12783588
OH,39,Mercer County,107,39107,1782719
OH,39,Miami County,109,39109,18238130
OH,39,Monroe County,111,39111,9216751
OH,39,Montgomery County,113,39113,163964816
OH,39,Morgan County,115,39115,1522073
OH,39,Morrow County,117,39117,1885198
OH,39,Muskingum County,119,39119,5163720
OH,39,Noble County,121,39121,18750
OH,39,Ottawa County,123,39123,2130109
OH,39,Paulding County,125,39125,81519
OH,39,Perry County,127,39127,2340
OH,39,Pickaway County,129,39129,9820368
OH,39,Pike County,131,39131,5421205
OH,39,Portage County,133,39133,30868496
OH,39,Preble County,135,39135,4646224
OH,39,Putnam County,137,39137,4587554
OH,39,Richland County,139,39139,17595552
OH,39,Ross County,141,39141,2510130
OH,39,Sandusky County,143,39143,5646839
OH,39,Scioto County,145,39145,6210046
OH,39,Seneca County,147,39147,3642808
OH,39,Shelby County,149,39149,14051767
OH,39,Stark County,151,39151,79652129
OH,39,Summit County,153,39153,308667512
OH,39,Trumbull County,155,39155,249560072
OH,39,Tuscarawas County,157,39157,3173088
OH,39,Union County,159,39159,7802123
OH,39,Van Wert County,161,39161,1040369
OH,39,Vinton County,163,39163,208349
OH,39,Warren County,165,39165,35361950
OH,39,Washington County,167,39167,6868941
OH,39,Wayne County,169,39169,28076369
OH,39,Williams County,171,39171,2597677
OH,39,Wood County,173,39173,125657730
OH,39,Wyandot County,175,39175,1723011
OK,40,Adair County,001,40001,36465
OK,40,Beaver County,007,40007,26784788
OK,40,Beckham County,009,40009,8299532
OK,40,Blaine County,011,40011,3989128
OK,40,Bryan County,013,40013,9834835
OK,40,Caddo County,015,40015,2430328
OK,40,Canadian County,017,40017,33718490
OK,40,Carter County,019,40019,6308270
OK,40,Choctaw County,023,40023,54987
OK,40,Cleveland County,027,40027,4748530
OK,40,Coal County,029,40029,3852675
OK,40,Comanche County,031,40031,19423713
OK,40,Creek County,037,40037,18158
OK,40,Custer County,039,40039,5527878
OK,40,Delaware County,041,40041,18523
OK,40,Dewey County,043,40043,30249124
OK,40,Ellis County,045,40045,5435182
OK,40,Garfield County,047,40047,278878166
OK,40,Garvin County,049,40049,8694297
OK,40,Grady County,051,40051,62963826
OK,40,Grant County,053,40053,13443116
OK,40,Harper County,059,40059,983212
OK,40,Hughes County,063,40063,3559188
OK,40,Jackson County,065,40065,17369
OK,40,Kay County,071,40071,54923977
OK,40,Kingfisher County,073,40073,19857189
OK,40,Kiowa County,075,40075,5461452
OK,40,Latimer County,077,40077,18815
OK,40,Marshall County,095,40095,34686
OK,40,Mayes County,097,40097,262092878
OK,40,Murray County,099,40099,19782738
OK,40,Muskogee County,101,40101,1320271
OK,40,Noble County,103,40103,17638
OK,40,Oklahoma County,109,40109,2953144
OK,40,Okmulgee County,111,40111,19127
OK,40,Osage County,113,40113,9261248
OK,40,Ottawa County,115,40115,18655
OK,40,Payne County,119,40119,753904
OK,40,Pittsburg County,121,40121,54886
OK,40,Pontotoc County,123,40123,4610096
OK,40,Pottawatomie County,125,40125,94871
OK,40,Roger Mills County,129,40129,2942672
OK,40,Rogers County,131,40131,6362237
OK,40,Seminole County,133,40133,16803807
OK,40,Sequoyah County,135,40135,17569
OK,40,Stephens County,137,40137,6422033
OK,40,Texas County,139,40139,27492098
OK,40,Tulsa County,143,40143,24162470
OK,40,Wagoner County,145,40145,109487
OK,40,Washita County,149,40149,9167576
OK,40,Woods County,151,40151,2650975
OK,40,Woodward County,153,40153,17462396
OR,41,Baker County,001,41001,586895
OR,41,Benton County,003,41003,4475935
OR,41,Clackamas County,005,41005,28351921
OR,41,Clatsop County,007,41007,17304251
OR,41,Columbia County,009,41009,17200176
OR,41,Coos County,011,41011,5310707
OR,41,Crook County,013,41013,350689835
OR,41,Curry County,015,41015,271433
OR,41,Deschutes County,017,41017,29624790
OR,41,Douglas County,019,41019,106096325
OR,41,Gilliam County,021,41021,37693067
OR,41,Grant County,023,41023,1336342
OR,41,Harney County,025,41025,1867338
OR,41,Hood River County,027,41027,3304096
OR,41,Jackson County,029,41029,22525034
OR,41,Jefferson County,031,41031,2635208
OR,41,Josephine County,033,41033,5447210
OR,41,Klamath County,035,41035,11483333
OR,41,Lake County,037,41037,18933798
OR,41,Lane County,039,41039,106247129
OR,41,Lincoln County,041,41041,13916739
OR,41,Linn County,043,41043,77773984
OR,41,Malheur County,045,41045,14987534
OR,41,Marion County,047,41047,57604745
OR,41,Morrow County,049,41049,6858517057
OR,41,Multnomah County,051,41051,229959309
OR,41,Polk County,053,41053,9929276
OR,41,Sherman County,055,41055,50923258
OR,41,Tillamook County,057,41057,9174056
OR,41,Umatilla County,059,41059,297494802
OR,41,Union County,061,41061,6818814
OR,41,Wallowa County,063,41063,1613925
OR,41,Wasco County,065,41065,535319633
OR,41,Washington County,067,41067,833734569
OR,41,Wheeler County,069,41069,75000
OR,41,Yamhill County,071,41071,15784929
PA,42,Adams County,001,42001,400000
PA,42,Allegheny County,003,42003,662236614
PA,42,Beaver County,007,42007,21347234
PA,42,Bedford County,009,42009,150000
PA,42,Berks County,011,42011,1716000
PA,42,Blair County,013,42013,680000
PA,42,Bradford County,015,42015,742000
PA,42,Bucks County,017,42017,7552464
PA,42,Butler County,019,42019,508000
PA,42,Cambria County,021,42021,2000000
PA,42,Cameron County,023,42023,747650
PA,42,Chester County,029,42029,174416962
PA,42,Clarion County,031,42031,680000
PA,42,Clearfield County,033,42033,1997020
PA,42,Columbia County,037,42037,924000
PA,42,Crawford County,039,42039,3595742
PA,42,Cumberland County,041,42041,1552000
PA,42,Dauphin County,043,42043,2059610
PA,42,Delaware County,045,42045,175282696
PA,42,Elk County,047,42047,1982776
PA,42,Erie County,049,42049,3588904
PA,42,Fayette County,051,42051,2056200
PA,42,Franklin County,055,42055,4910000
PA,42,Huntingdon County,061,42061,224000
PA,42,Indiana County,063,42063,1276382
PA,42,Juniata County,067,42067,1584000
PA,42,Lackawanna County,069,42069,2972608
PA,42,Lancaster County,071,42071,6070124
PA,42,Lawrence County,073,42073,1904128
PA,42,Lebanon County,075,42075,1100000
PA,42,Lehigh County,077,42077,4794000
PA,42,Luzerne County,079,42079,8443000
PA,42,Lycoming County,081,42081,1150000
PA,42,Mercer County,085,42085,1822000
PA,42,Mifflin County,087,42087,196000
PA,42,Monroe County,089,42089,1998000
PA,42,Montgomery County,091,42091,60164590
PA,42,Northampton County,095,42095,21759118
PA,42,Northumberland County,097,42097,1332000
PA,42,Philadelphia County,101,42101,231162162
PA,42,Pike County,103,42103,1900000
PA,42,Schuylkill County,107,42107,1760000
PA,42,Snyder County,109,42109,360000
PA,42,Somerset County,111,42111,150000
PA,42,Sullivan County,113,42113,378000
PA,42,Susquehanna County,115,42115,892000
PA,42,Union County,119,42119,360000
PA,42,Warren County,123,42123,760000
PA,42,Washington County,125,42125,1407000
PA,42,Wayne County,127,42127,180000
PA,42,Westmoreland County,129,42129,1880634
PA,42,Wyoming County,131,42131,228000
PA,42,York County,133,42133,8000000
SC,45,Abbeville County,001,45001,348736
SC,45,Aiken County,003,45003,77087489
SC,45,Allendale County,005,45005,250000
SC,45,Anderson County,007,45007,28567239
SC,45,Bamberg County,009,45009,1600000
SC,45,Barnwell County,011,45011,4978997
SC,45,Beaufort County,013,45013,200000
SC,45,Berkeley County,015,45015,214734441
SC,45,Calhoun County,017,45017,1000000
SC,45,Charleston County,019,45019,1049199299
SC,45,Cherokee County,021,45021,1690925
SC,45,Chester County,023,45023,63608961
SC,45,Chesterfield County,025,45025,1197542
SC,45,Clarendon County,027,45027,1495312
SC,45,Colleton County,029,45029,1990739
SC,45,Darlington County,031,45031,1431390
SC,45,Dillon County,033,45033,1400000
SC,45,Dorchester County,035,45035,3280392
SC,45,Edgefield County,037,45037,275360
SC,45,Fairfield County,039,45039,2869531
SC,45,Florence County,041,45041,12077715
SC,45,Georgetown County,043,45043,1760042
SC,45,Greenville County,045,45045,16850718
SC,45,Greenwood County,047,45047,3090043
SC,45,Hampton County,049,45049,8510000
SC,45,Horry County,051,45051,2460797
SC,45,Jasper County,053,45053,1352674
SC,45,Kershaw County,055,45055,2634746
SC,45,Lancaster County,057,45057,6365011
SC,45,Laurens County,059,45059,4337407
SC,45,Lee County,061,45061,75000
SC,45,Lexington County,063,45063,70880516
SC,45,Marion County,067,45067,1868354
SC,45,Marlboro County,069,45069,820838
SC,45,Newberry County,071,45071,20326118
SC,45,Oconee County,073,45073,3324977
SC,45,Orangeburg County,075,45075,3231071
SC,45,Pickens County,077,45077,1738274
SC,45,Richland County,079,45079,1306643340
SC,45,Saluda County,081,45081,1150000
SC,45,Spartanburg County,083,45083,52027857
SC,45,Sumter County,085,45085,38391297
SC,45,Union County,087,45087,3263807
SC,45,Williamsburg County,089,45089,1264067
SC,45,York County,091,45091,404618823
SD,46,Yankton County,135,46135,0
TN,47,Anderson County,001,47001,11463637
TN,47,Bedford County,003,47003,2351575
TN,47,Bledsoe County,007,47007,3810000
TN,47,Blount County,009,47009,26041000
TN,47,Bradley County,011,47011,14346453
TN,47,Campbell County,013,47013,2793227
TN,47,Cannon County,015,47015,104000
TN,47,Carroll County,017,47017,6825000
TN,47,Carter County,019,47019,469580
TN,47,Cheatham County,021,47021,4054250
TN,47,Chester County,023,47023,779043
TN,47,Claiborne County,025,47025,1456250
TN,47,Clay County,027,47027,300000
TN,47,Cocke County,029,47029,761457
TN,47,Coffee County,031,47031,5428088
TN,47,Crockett County,033,47033,137500
TN,47,Cumberland County,035,47035,3447000
TN,47,Davidson County,037,47037,397477146
TN,47,Decatur County,039,47039,108600
TN,47,Dickson County,043,47043,10796018
TN,47,Dyer County,045,47045,7657197
TN,47,Fayette County,047,47047,5121439
TN,47,Fentress County,049,47049,569255
TN,47,Franklin County,051,47051,4685000
TN,47,Gibson County,053,47053,4329960
TN,47,Giles County,055,47055,8209603
TN,47,Grainger County,057,47057,0
TN,47,Greene County,059,47059,5066740
TN,47,Grundy County,061,47061,125608
TN,47,Hamblen County,063,47063,8499587
TN,47,Hamilton County,065,47065,600398490
TN,47,Hancock County,067,47067,658116
TN,47,Hardeman County,069,47069,3845008
TN,47,Hardin County,071,47071,1480200
TN,47,Hawkins County,073,47073,3091450
TN,47,Haywood County,075,47075,1095700
TN,47,Henderson County,077,47077,6714162
TN,47,Henry County,079,47079,1255850
TN,47,Hickman County,081,47081,50400
TN,47,Humphreys County,085,47085,1827900
TN,47,Jackson County,087,47087,62000
TN,47,Jefferson County,089,47089,5653700
TN,47,Johnson County,091,47091,2293000
TN,47,Knox County,093,47093,17770102
TN,47,Lake County,095,47095,2200000
TN,47,Lauderdale County,097,47097,358400
TN,47,Lawrence County,099,47099,1521826
TN,47,Lewis County,101,47101,638400
TN,47,Lincoln County,103,47103,8797530
TN,47,Loudon County,105,47105,3637000
TN,47,Macon County,111,47111,2500000
TN,47,Madison County,113,47113,7809904
TN,47,Marion County,115,47115,8355136
TN,47,Marshall County,117,47117,5055895
TN,47,Maury County,119,47119,122991233
TN,47,Meigs County,121,47121,1500000
TN,47,Monroe County,123,47123,1082120
TN,47,Montgomery County,125,47125,180289050
TN,47,Moore County,127,47127,1500000
TN,47,Morgan County,129,47129,200000
TN,47,Obion County,131,47131,11575500
TN,47,Overton County,133,47133,1674700
TN,47,Perry County,135,47135,428400
TN,47,Pickett County,137,47137,80300
TN,47,Polk County,139,47139,0
TN,47,Putnam County,141,47141,16608450
TN,47,Rhea County,143,47143,2312250
TN,47,Roane County,145,47145,2524000
TN,47,Robertson County,147,47147,7557671
TN,47,Rutherford County,149,47149,128578182
TN,47,Scott County,151,47151,700250
TN,47,Sequatchie County,153,47153,2148000
TN,47,Sevier County,155,47155,2402284
TN,47,Shelby County,157,47157,925690579
TN,47,Smith County,159,47159,119820
TN,47,Stewart County,161,47161,600000
TN,47,Sullivan County,163,47163,31657218
TN,47,Sumner County,165,47165,10906809
TN,47,Tipton County,167,47167,4027033
TN,47,Trousdale County,169,47169,1790600
TN,47,Unicoi County,171,47171,1068200
TN,47,Van Buren County,175,47175,0
TN,47,Warren County,177,47177,9199133
TN,47,Washington County,179,47179,5980700
TN,47,Wayne County,181,47181,545335
TN,47,Weakley County,183,47183,6142000
TN,47,White County,185,47185,1902940
TN,47,Williamson County,187,47187,246058132
TN,47,Wilson County,189,47189,34480324
TX,48,Anderson County,001,48001,0
TX,48,Andrews County,003,48003,0
TX,48,Angelina County,005,48005,0
TX,48,Archer County,009,48009,0
TX,48,Austin County,015,48015,0
TX,48,Bastrop County,021,48021,0
TX,48,Bell County,027,48027,0
TX,48,Bexar County,029,48029,35568048
TX,48,Bowie County,037,48037,0
TX,48,Brazoria County,039,48039,35072789
TX,48,Brazos County,041,48041,0
TX,48,Brooks County,047,48047,0
TX,48,Brown County,049,48049,0
TX,48,Burleson County,051,48051,0
TX,48,Burnet County,053,48053,0
TX,48,Caldwell County,055,48055,0
TX,48,Calhoun County,057,48057,0
TX,48,Callahan County,059,48059,27338792
TX,48,Cameron County,061,48061,0
TX,48,Camp County,063,48063,0
TX,48,Carson County,065,48065,0
TX,48,Cass County,067,48067,0
TX,48,Chambers County,071,48071,0
TX,48,Cherokee County,073,48073,0
TX,48,Coke County,081,48081,0
TX,48,Collin County,085,48085,630119324
TX,48,Colorado County,089,48089,0
TX,48,Comal County,091,48091,0
TX,48,Comanche County,093,48093,0
TX,48,Cooke County,097,48097,0
TX,48,Coryell County,099,48099,0
TX,48,Dallam County,111,48111,14603858
TX,48,Dallas County,113,48113,50802275
TX,48,Deaf Smith County,117,48117,0
TX,48,Denton County,121,48121,802000000
TX,48,Donley County,129,48129,0
TX,48,Ector County,135,48135,91600000
TX,48,El Paso County,141,48141,0
TX,48,Ellis County,139,48139,0
TX,48,Erath County,143,48143,0
TX,48,Floyd County,153,48153,0
TX,48,Fort Bend County,157,48157,0
TX,48,Galveston County,167,48167,0
TX,48,Glasscock County,173,48173,0
TX,48,Gonzales County,177,48177,0
TX,48,Grayson County,181,48181,0
TX,48,Gregg County,183,48183,0
TX,48,Grimes County,185,48185,0
TX,48,Guadalupe County,187,48187,0
TX,48,Hale County,189,48189,0
TX,48,Hamilton County,193,48193,0
TX,48,Hansford County,195,48195,0
TX,48,Hardeman County,197,48197,0
TX,48,Hardin County,199,48199,0
TX,48,Harris County,201,48201,12336997
TX,48,Harrison County,203,48203,0
TX,48,Hays County,209,48209,11000000
TX,48,Henderson County,213,48213,0
TX,48,Hidalgo County,215,48215,0
TX,48,Hood County,221,48221,0
TX,48,Hopkins County,223,48223,0
TX,48,Houston County,225,48225,200000
TX,48,Howard County,227,48227,0
TX,48,Hunt County,231,48231,0
TX,48,Hutchinson County,233,48233,33918601
TX,48,Jack County,237,48237,0
TX,48,Jackson County,239,48239,0
TX,48,Jasper County,241,48241,0
TX,48,Jefferson County,245,48245,65938397
TX,48,Johnson County,251,48251,0
TX,48,Kaufman County,257,48257,0
TX,48,Kendall County,259,48259,0
TX,48,Lamar County,277,48277,0
TX,48,Lampasas County,281,48281,0
TX,48,Liberty County,291,48291,0
TX,48,Limestone County,293,48293,0
TX,48,Live Oak County,297,48297,0
TX,48,Lubbock County,303,48303,10911500
TX,48,Martin County,317,48317,0
TX,48,Matagorda County,321,48321,6000000
TX,48,Maverick County,323,48323,0
TX,48,Midland County,329,48329,0
TX,48,Milam County,331,48331,0
TX,48,Montgomery County,339,48339,175000000
TX,48,Moore County,341,48341,0
TX,48,Nacogdoches County,347,48347,0
TX,48,Navarro County,349,48349,0
TX,48,Newton County,351,48351,0
TX,48,Nolan County,353,48353,58010908
TX,48,Nueces County,355,48355,0
TX,48,Ochiltree County,357,48357,0
TX,48,Oldham County,359,48359,0
TX,48,Orange County,361,48361,0
TX,48,Palo Pinto County,363,48363,0
TX,48,Panola County,365,48365,0
TX,48,Parker County,367,48367,0
TX,48,Parmer County,369,48369,0
TX,48,Polk County,373,48373,1140000
TX,48,Potter County,375,48375,0
TX,48,Randall County,381,48381,0
TX,48,Rusk County,401,48401,0
TX,48,Sabine County,403,48403,0
TX,48,San Patricio County,409,48409,0
TX,48,Scurry County,415,48415,4539053
TX,48,Shackelford County,417,48417,0
TX,48,Shelby County,419,48419,0
TX,48,Sherman County,421,48421,0
TX,48,Smith County,423,48423,0
TX,48,Swisher County,437,48437,0
TX,48,Tarrant County,439,48439,387700000
TX,48,Taylor County,441,48441,0
TX,48,Terry County,445,48445,0
TX,48,Titus County,449,48449,0
TX,48,Tom Green County,451,48451,0
TX,48,Travis County,453,48453,352508917
TX,48,Upton County,461,48461,0
TX,48,Victoria County,469,48469,0
TX,48,Walker County,471,48471,0
TX,48,Waller County,473,48473,0
TX,48,Washington County,477,48477,0
TX,48,Webb County,479,48479,0
TX,48,Wharton County,481,48481,0
TX,48,Wheeler County,483,48483,0
TX,48,Wichita County,485,48485,0
TX,48,Wilbarger County,487,48487,0
TX,48,Willacy County,489,48489,0
TX,48,Williamson County,491,48491,0
TX,48,Wise County,497,48497,0
TX,48,Wood County,499,48499,0
TX,48,Yoakum County,501,48501,0
UT,49,Box Elder County,003,49003,85000000
UT,49,Cache County,005,49005,2502905
UT,49,Davis County,011,49011,23907963
UT,49,Iron County,021,49021,125000
UT,49,Millard County,027,49027,350000
UT,49,Salt Lake County,035,49035,148725064
UT,49,Summit County,043,49043,200000
UT,49,Tooele County,045,49045,208500
UT,49,Utah County,049,49049,268898068
UT,49,Washington County,053,49053,5327159
UT,49,Weber County,057,49057,2442730
VA,51,Accomack County,001,51001,593712
VA,51,Albemarle County,003,51003,2554500
VA,51,Alleghany County,005,51005,3066841
VA,51,Appomattox County,011,51011,1948000
VA,51,Arlington County,013,51013,782880350
VA,51,Augusta County,015,51015,4597750
VA,51,Bath County,017,51017,283750
VA,51,Bedford County,019,51019,1860309
VA,51,Bland County,021,51021,275000
VA,51,Botetourt County,023,51023,9931500
VA,51,Brunswick County,025,51025,127220
VA,51,Buchanan County,027,51027,8800
VA,51,Buckingham County,029,51029,150000
VA,51,Campbell County,031,51031,1143800
VA,51,Caroline County,033,51033,1320000
VA,51,Carroll County,035,51035,1387500
VA,51,Charlotte County,037,51037,1840000
VA,51,Chesterfield County,041,51041,19110884
VA,51,Clarke County,043,51043,600000
VA,51,Culpeper County,047,51047,3400000
VA,51,Dickenson County,051,51051,123525
VA,51,Dinwiddie County,053,51053,8952411
VA,51,Essex County,057,51057,50000
VA,51,Fairfax County,059,51059,46349252
VA,51,Fauquier County,061,51061,1304000
VA,51,Floyd County,063,51063,400000
VA,51,Fluvanna County,065,51065,11230
VA,51,Franklin County,067,51067,3108538
VA,51,Frederick County,069,51069,13552750
VA,51,Giles County,071,51071,2921700
VA,51,Gloucester County,073,51073,530000
VA,51,Goochland County,075,51075,1855665
VA,51,Grayson County,077,51077,1997290
VA,51,Greensville County,081,51081,2211776
VA,51,Halifax County,083,51083,2336599
VA,51,Hanover County,085,51085,3232616
VA,51,Henrico County,087,51087,58433390
VA,51,Henry County,089,51089,14781693
VA,51,James City County,095,51095,1003571
VA,51,King George County,099,51099,330000
VA,51,King William County,101,51101,100000
VA,51,Lancaster County,103,51103,35319
VA,51,Lee County,105,51105,175000
VA,51,Loudoun County,107,51107,4323076
VA,51,Louisa County,109,51109,285000
VA,51,Lunenburg County,111,51111,684071
VA,51,Madison County,113,51113,117323
VA,51,Mecklenburg County,117,51117,11582205
VA,51,Montgomery County,121,51121,3369697
VA,51,New Kent County,127,51127,15000
VA,51,Northampton County,131,51131,1028817
VA,51,Northumberland County,133,51133,232392
VA,51,Nottoway County,135,51135,900000
VA,51,Orange County,137,51137,2205812
VA,51,Page County,139,51139,493238
VA,51,Patrick County,141,51141,367335
VA,51,Pittsylvania County,143,51143,2524944
VA,51,Powhatan County,145,51145,1000000
VA,51,Prince Edward County,147,51147,2102720
VA,51,Prince George County,149,51149,135402787
VA,51,Prince William County,153,51153,3476450
VA,51,Pulaski County,155,51155,15836738
VA,51,Richmond County,159,51159,7508302
VA,51,Roanoke County,161,51161,2724400
VA,51,Rockbridge County,163,51163,216800
VA,51,Rockingham County,165,51165,10314651
VA,51,Russell County,167,51167,2538100
VA,51,Scott County,169,51169,3330421
VA,51,Shenandoah County,171,51171,1877450
VA,51,Smyth County,173,51173,3769915
VA,51,Southampton County,175,51175,1718334
VA,51,Spotsylvania County,177,51177,3003500
VA,51,Stafford County,179,51179,24500
VA,51,Sussex County,183,51183,380810
VA,51,Tazewell County,185,51185,1662355
VA,51,Warren County,187,51187,1247043
VA,51,Washington County,191,51191,2600599
VA,51,Westmoreland County,193,51193,225555
VA,51,Wise County,195,51195,3697071
VA,51,Wythe County,197,51197,3721070
VA,51,York County,199,51199,320000
VT,50,Addison County,001,50001,1725792
VT,50,Bennington County,003,50003,8156801
VT,50,Caledonia County,005,50005,4026926
VT,50,Chittenden County,007,50007,38225192
VT,50,Essex County,009,50009,1035670
VT,50,Franklin County,011,50011,13448494
VT,50,Grand Isle County,013,50013,0
VT,50,Lamoille County,015,50015,28900
VT,50,Orange County,017,50017,1217265
VT,50,Orleans County,019,50019,647832
VT,50,Rutland County,021,50021,3132543
VT,50,Washington County,023,50023,3342937
VT,50,Windham County,025,50025,2430740
VT,50,Windsor County,027,50027,6488670
WI,55,Adams County,001,55001,297624
WI,55,Ashland County,003,55003,223876
WI,55,Barron County,005,55005,7455086
WI,55,Bayfield County,007,55007,314000
WI,55,Brown County,009,55009,137559724
WI,55,Buffalo County,011,55011,153963
WI,55,Burnett County,013,55013,321073
WI,55,Calumet County,015,55015,3270883
WI,55,Chippewa County,017,55017,12696070
WI,55,Clark County,019,55019,3447690
WI,55,Columbia County,021,55021,3554627
WI,55,Crawford County,023,55023,3576260
WI,55,Dane County,025,55025,254063918
WI,55,Dodge County,027,55027,9933360
WI,55,Door County,029,55029,869151
WI,55,Douglas County,031,55031,25780215
WI,55,Dunn County,033,55033,3055578
WI,55,Eau Claire County,035,55035,17321575
WI,55,Forest County,041,55041,1310000
WI,55,Grant County,043,55043,3420666
WI,55,Green County,045,55045,1615160
WI,55,Green Lake County,047,55047,2741286
WI,55,Iowa County,049,55049,565008
WI,55,Iron County,051,55051,9800
WI,55,Jackson County,053,55053,884575
WI,55,Jefferson County,055,55055,8090848
WI,55,Juneau County,057,55057,3443714
WI,55,Kenosha County,059,55059,120318239
WI,55,Kewaunee County,061,55061,1539031
WI,55,La Crosse County,063,55063,67656849
WI,55,Lafayette County,065,55065,4388471
WI,55,Langlade County,067,55067,2106600
WI,55,Lincoln County,069,55069,962000
WI,55,Manitowoc County,071,55071,18459239
WI,55,Marathon County,073,55073,51976992
WI,55,Marinette County,075,55075,33023566
WI,55,Marquette County,077,55077,7571540
WI,55,Menominee County,078,55078,568800
WI,55,Milwaukee County,079,55079,485232114
WI,55,Monroe County,081,55081,5693183
WI,55,Oconto County,083,55083,3305103
WI,55,Oneida County,085,55085,3174722
WI,55,Outagamie County,087,55087,57351375
WI,55,Ozaukee County,089,55089,13745566
WI,55,Pierce County,093,55093,10626403
WI,55,Polk County,095,55095,7839445
WI,55,Portage County,097,55097,11077390
WI,55,Price County,099,55099,2723668
WI,55,Racine County,101,55101,2928752677
WI,55,Richland County,103,55103,2460069
WI,55,Rock County,105,55105,84449281
WI,55,Rusk County,107,55107,5689546
WI,55,Sauk County,111,55111,8572494
WI,55,Sawyer County,113,55113,750000
WI,55,Shawano County,115,55115,2750161
WI,55,Sheboygan County,117,55117,50449427
WI,55,St. Croix County,109,55109,10891400
WI,55,Taylor County,119,55119,8258639
WI,55,Trempealeau County,121,55121,2264872
WI,55,Vernon County,123,55123,3134742
WI,55,Vilas County,125,55125,63300
WI,55,Walworth County,127,55127,8943913
WI,55,Washburn County,129,55129,1173218
WI,55,Washington County,131,55131,25357742
WI,55,Waukesha County,133,55133,219994207
WI,55,Waupaca County,135,55135,5989933
WI,55,Waushara County,137,55137,286464
WI,55,Winnebago County,139,55139,111846450
WI,55,Wood County,141,55141,8506370
WV,54,Barbour County,001,54001,272509
WV,54,Berkeley County,003,54003,1853343
WV,54,Braxton County,007,54007,419217
WV,54,Brooke County,009,54009,10356650
WV,54,Cabell County,011,54011,5932883
WV,54,Fayette County,019,54019,357812
WV,54,Gilmer County,021,54021,1800
WV,54,Grant County,023,54023,19730
WV,54,Greenbrier County,025,54025,774095
WV,54,Hampshire County,027,54027,5811
WV,54,Hancock County,029,54029,988939
WV,54,Hardy County,031,54031,6291659
WV,54,Harrison County,033,54033,26019929
WV,54,Jackson County,035,54035,1424176
WV,54,Jefferson County,037,54037,1863501
WV,54,Kanawha County,039,54039,51682353
WV,54,Lewis County,041,54041,18782
WV,54,Logan County,045,54045,904056
WV,54,Marion County,049,54049,39519645
WV,54,Marshall County,051,54051,4379367
WV,54,Mason County,053,54053,993829
WV,54,Mercer County,055,54055,1903070
WV,54,Mineral County,057,54057,566049
WV,54,Mingo County,059,54059,117231
WV,54,Monongalia County,061,54061,676041284
WV,54,Monroe County,063,54063,1414050
WV,54,Morgan County,065,54065,15619
WV,54,Nicholas County,067,54067,185099
WV,54,Ohio County,069,54069,142154296
WV,54,Pocahontas County,075,54075,61376
WV,54,Preston County,077,54077,2058566
WV,54,Putnam County,079,54079,4219695
WV,54,Raleigh County,081,54081,2649873
WV,54,Randolph County,083,54083,384355
WV,54,Ritchie County,085,54085,264558
WV,54,Roane County,087,54087,1409479
WV,54,Summers County,089,54089,7500
WV,54,Taylor County,091,54091,6050
WV,54,Tucker County,093,54093,48064
WV,54,Tyler County,095,54095,156676
WV,54,Upshur County,097,54097,925716
WV,54,Wayne County,099,54099,10343413
WV,54,Webster County,101,54101,51853
WV,54,Wirt County,105,54105,151217
WV,54,Wood County,107,54107,4771765
NA,NA,Acadia County,NA,NA,25805398
NA,NA,Accomack And Northampton County,NA,NA,310804
NA,NA,Alach/Dade/Escam/Hills/Levy/Monr/Osce/Vol County,NA,NA,35552
NA,NA,Alamance Caswell County,NA,NA,166948
NA,NA,"Alamance, Caswell, Chatham, Dare, Guilford, Halifax, Orange, Rockingham County",NA,NA,104609
NA,NA,"Alamance, Granville , Person, Wake County",NA,NA,82405
NA,NA,"Alameda, Contra Costa County",NA,NA,0
NA,NA,"Alameda, Los Angeles, Riverside, San Bernardino County",NA,NA,0
NA,NA,"Alameda, Monterey County",NA,NA,0
NA,NA,"Alameda, Sacramento County",NA,NA,0
NA,NA,"Alameda, San Joaquin, Riverside County",NA,NA,0
NA,NA,"Alameda, Stanislaus County",NA,NA,0
NA,NA,"Alameda, Tulare County",NA,NA,0
NA,NA,Alameda/Bay Area County,NA,NA,0
NA,NA,Allen County,NA,NA,74555721
NA,NA,"Anderson, G'ville, Sptg County",NA,NA,3540632
NA,NA,"Anson, Brunswick And Others County",NA,NA,533630
NA,NA,"Anson, Mecklenburg County",NA,NA,122762
NA,NA,Artesia County,NA,NA,250000
NA,NA,Ascension County,NA,NA,3745605878
NA,NA,"Ashe, Buncombe, Durham,Newhanover County",NA,NA,3571500
NA,NA,Assumption County,NA,NA,9338460
NA,NA,"Avery, Mecklenburg County",NA,NA,64030
NA,NA,Avoyelles County,NA,NA,4388196
NA,NA,Bake County,NA,NA,2240484
NA,NA,Baltimore City County,NA,NA,1135495982
NA,NA,Baltimore County County,NA,NA,1017000
NA,NA,Beatrice County,NA,NA,119500
NA,NA,Beauregard County,NA,NA,99105751
NA,NA,Benkelman County,NA,NA,13750
NA,NA,Bent County,NA,NA,8847569
NA,NA,Benton County,NA,NA,1528542
NA,NA,Bergen And Morris County,NA,NA,346500
NA,NA,Berkley County,NA,NA,51628
NA,NA,Bernalilo County,NA,NA,550000
NA,NA,Bienville County,NA,NA,42104328
NA,NA,Blackfeet Reservation County,NA,NA,59000
NA,NA,"Bladen, Davie,Rowan County",NA,NA,3498600
NA,NA,Blair County,NA,NA,188500
NA,NA,Bossier County,NA,NA,68371775
NA,NA,Bristol County,NA,NA,350000
NA,NA,Brooklyn County,NA,NA,69353882
NA,NA,Broomfield Count County,NA,NA,118442
NA,NA,"Broward, Miami-Dade County",NA,NA,286800
NA,NA,Broward/Miami County,NA,NA,9511252
NA,NA,"Brunswick , New Hanover, Pender County",NA,NA,8789561
NA,NA,Brunswick And New Hanover County,NA,NA,1109679
NA,NA,Brunswick New Hanover County,NA,NA,1027730
NA,NA,"Brunswick New Hanover, Onslow, Pender, Richmond County",NA,NA,134176
NA,NA,"Brunswick, Columbus And Others County",NA,NA,2240326
NA,NA,"Brunswick, Craven, New Hanover County",NA,NA,10912186
NA,NA,"Brunswick, Duplin, New Hanover, Onslow, Pender, Richmond County",NA,NA,71624
NA,NA,"Brunswick, Mecklenburg, New Hanover, Pender County",NA,NA,1146478
NA,NA,"Brunswick, New Hanover And Others County",NA,NA,971175
NA,NA,"Brunswick, New Hanover County",NA,NA,251088
NA,NA,"Brunswick, New Hanover, Pender County",NA,NA,9498764
NA,NA,"Buncombe, Cabarrus, Gaston, Guilford, Iredell, Lincoln, Mecklenburg, Union, Wilkes County",NA,NA,123135
NA,NA,"Buncombe, Henderson County",NA,NA,66243
NA,NA,"Buncombe, Jackson, Mecklenburg, New Hanover, Wake County",NA,NA,79479
NA,NA,"Buncombe, Madison County",NA,NA,509065
NA,NA,Bunswick County,NA,NA,2900000
NA,NA,"Butte, Sutter County",NA,NA,0
NA,NA,Cabarrus Mecklenburg County,NA,NA,178284
NA,NA,"Cabarrus, Davidson And Others County",NA,NA,261242
NA,NA,"Cabarrus, Gaston, Lincoln, Mecklenburg County",NA,NA,505224
NA,NA,"Cabarrus, Iredell And Others County",NA,NA,199595
NA,NA,"Cabarrus, Mecklenburg, Rowan, Union County",NA,NA,165413
NA,NA,"Cabarrus, Mecklenburg, Union County",NA,NA,283879
NA,NA,"Cabarrus, Richmond County",NA,NA,251839
NA,NA,Cabarrus. Gaston And Others County,NA,NA,3802444
NA,NA,Caddo County,NA,NA,551234000
NA,NA,Calcasieu County,NA,NA,9288475015
NA,NA,Caldeonia County,NA,NA,0
NA,NA,Caldwell County,NA,NA,167893333
NA,NA,Camaron County,NA,NA,0
NA,NA,Cameron County,NA,NA,13698759938
NA,NA,Canton County,NA,NA,0
NA,NA,Catahoula County,NA,NA,83000
NA,NA,Catawba County,NA,NA,9060
NA,NA,"Catawba, Mecklenburg County",NA,NA,1193150
NA,NA,"Charleston, Georgetown County",NA,NA,1155621
NA,NA,"Charlotte, Lunenburg, And Prince Edward County",NA,NA,13542
NA,NA,Charlottesville County,NA,NA,24500
NA,NA,Chavez County,NA,NA,174226
NA,NA,Cheboygan; Presque Isle County,NA,NA,2000000
NA,NA,Claiborne County,NA,NA,13934
NA,NA,Clark County,NA,NA,1994744
NA,NA,"Cleveland, Gaston And Others County",NA,NA,1463431
NA,NA,"Cleveland, Gaston, Lincoln, Mecklenburg County",NA,NA,344578
NA,NA,"Cleveland, Gaston, Lincoln, Mecklenburg, Rowan, Surry, Transylvania County",NA,NA,4657689
NA,NA,"Clovis, Lovington, Raton, Silver City &Amp; Gallup County",NA,NA,600000
NA,NA,Cobb County,NA,NA,287894
NA,NA,"Columbus, Brunswick, Durham, Gaston, Mecklenburg, New Hanover, Onslow, Pender County",NA,NA,14280455
NA,NA,"Columbus, New Hanover County",NA,NA,2587490
NA,NA,"Colusa, Yolo County",NA,NA,0
NA,NA,Concordia County,NA,NA,20669497
NA,NA,"Contra Costa, Los Angeles County",NA,NA,0
NA,NA,Coral Gables County,NA,NA,364959
NA,NA,County County,NA,NA,0
NA,NA,Craven County,NA,NA,14589
NA,NA,Cumberland Lincoln County,NA,NA,589593
NA,NA,"Cumberland, Cleveland County",NA,NA,1635000
NA,NA,"Cumberland, Guilford, Mecklenburg, Wake County",NA,NA,147261
NA,NA,"Cumberland, Mecklenburg And Others County",NA,NA,5003472
NA,NA,"Cumberland, New Hanover County",NA,NA,63850
NA,NA,Dalton-Whitfield County,NA,NA,700000
NA,NA,Danville County,NA,NA,2990000
NA,NA,Darlington County,NA,NA,322391
NA,NA,Davidson And Forsyth County,NA,NA,540891
NA,NA,Davie County,NA,NA,24538
NA,NA,"Davie, Iredell, Mecklenburg, Union County",NA,NA,85277
NA,NA,De Kalb County,NA,NA,5350000
NA,NA,De Soto County,NA,NA,36781369
NA,NA,Dekalb County,NA,NA,48130625
NA,NA,"Delaware, Lehigh County",NA,NA,13323844
NA,NA,Delaware/Franklin County,NA,NA,11050352
NA,NA,Delta Region County,NA,NA,400000
NA,NA,Denver And Jefferson County,NA,NA,4095798
NA,NA,Desoto County,NA,NA,252063028
NA,NA,Dewitt County,NA,NA,0
NA,NA,Dover County,NA,NA,12500
NA,NA,Dupage County,NA,NA,60713600
NA,NA,"Duplin, Forsyth, Mecklenburg, New Hanover, Onslow, Rowan, Surry County",NA,NA,5836436
NA,NA,Durham County,NA,NA,42169
NA,NA,"Durham, Franklin, Wake County",NA,NA,91117
NA,NA,"Durham, Gaston, Johnston, Lincoln , Mecklenburg, Orange, Wake County",NA,NA,1095443
NA,NA,"Durham, Guilford County",NA,NA,2983500
NA,NA,"Durham, Wilson County",NA,NA,4974750
NA,NA,"Duval, Hillsborough, Miami-Dade, Orange, Osceola County",NA,NA,124707
NA,NA,East Baton Rouge County,NA,NA,1070191411
NA,NA,East Carroll County,NA,NA,12880207
NA,NA,East Feliciana County,NA,NA,21974770
NA,NA,Eau Claire/Chippewa County,NA,NA,1000000
NA,NA,Edgecombe County,NA,NA,35621
NA,NA,Elk Point County,NA,NA,0
NA,NA,Elkhart County,NA,NA,500000
NA,NA,Erie County,NA,NA,73376
NA,NA,Evangeline County,NA,NA,25837543
NA,NA,Fairbury County,NA,NA,525250
NA,NA,Fairfax County,NA,NA,6342
NA,NA,Flathead Reservation County,NA,NA,15000
NA,NA,Flushing County,NA,NA,1396304
NA,NA,Fond Du Lac County,NA,NA,208384404
NA,NA,Forest County,NA,NA,5200000
NA,NA,Forsyth County,NA,NA,8387
NA,NA,Forsyth Transylvania County,NA,NA,468070
NA,NA,"Forsyth, Guilford And Others County",NA,NA,1685672
NA,NA,"Forsyth, Guilford County",NA,NA,561438
NA,NA,"Forsyth, Mecklenburg, Rockingham County",NA,NA,933742
NA,NA,"Forsyth, Surry County",NA,NA,123766
NA,NA,"Forsyth, Watauga County",NA,NA,45539
NA,NA,Fort Belknap Reservation County,NA,NA,82500
NA,NA,Fort Peck Reservation County,NA,NA,150000
NA,NA,Franklin County,NA,NA,9769106
NA,NA,"Fresno, Kern County",NA,NA,0
NA,NA,"Fresno, Kern, Santa Clara County",NA,NA,0
NA,NA,"Fresno, Kern, Stanislaus County",NA,NA,0
NA,NA,"Fresno, Kern, Tulare County",NA,NA,0
NA,NA,"Fresno, Kings County",NA,NA,0
NA,NA,"Fresno, Los Angeles County",NA,NA,0
NA,NA,"Fresno, Madera County",NA,NA,0
NA,NA,"Fresno, Riverside County",NA,NA,0
NA,NA,"Fresno, Sacramento County",NA,NA,0
NA,NA,"Fresno, San Bernardino County",NA,NA,0
NA,NA,"Fresno, San Joaquin County",NA,NA,0
NA,NA,"Fresno, San Mateo, Los Angeles County",NA,NA,0
NA,NA,"Fresno, Stanislaus County",NA,NA,0
NA,NA,"Fresno, Tulare County",NA,NA,0
NA,NA,Gainesville And Hall County,NA,NA,315000
NA,NA,"Gainesville, Hall County",NA,NA,800000
NA,NA,Galax County,NA,NA,110000
NA,NA,Garfield/Rio Blanco County,NA,NA,7588406
NA,NA,"Gaston, Iredell Lincoln, Mecklenburg Union County",NA,NA,8762824
NA,NA,"Gaston, Iredell, Lincoln, Mecklenburg, Union County",NA,NA,16851966
NA,NA,"Gaston, Iredell, Mecklenburg County",NA,NA,261890
NA,NA,"Gaston, Mecklenburg County",NA,NA,617841
NA,NA,Gilliam And Morrow County,NA,NA,3009594
NA,NA,"Glenn, Tulare County",NA,NA,0
NA,NA,Grant County,NA,NA,5327272
NA,NA,Grants County,NA,NA,91000
NA,NA,"Guilford, Alamance County",NA,NA,10216800
NA,NA,"Guilford, Mecklenburg County",NA,NA,181216
NA,NA,"Guilford, Randolph County",NA,NA,87812
NA,NA,Hampton County,NA,NA,500000
NA,NA,Hayes County,NA,NA,0
NA,NA,Henderson Transylvania County,NA,NA,415835
NA,NA,Hennepin County,NA,NA,0
NA,NA,"Henry, Fulton, Williams County",NA,NA,707704
NA,NA,"Hertford, Nash, Wake County",NA,NA,66734
NA,NA,Hildalgo County,NA,NA,0
NA,NA,Hillsborough &Amp; Pinellas County,NA,NA,15000000
NA,NA,Hillsborough County County,NA,NA,120000
NA,NA,"Hillsborough, Miami-Dade County",NA,NA,132004
NA,NA,"Hillsborough, Orange, Palm Beach, Pinellas County",NA,NA,191582
NA,NA,"Hillsborough, Orange, Pinellas, Polk, Sarasota County",NA,NA,68268
NA,NA,"Hillsborough, Pinellas, Sarasota County",NA,NA,554468
NA,NA,Hillsborough/Orange County,NA,NA,21700
NA,NA,Hillsborough/Pinellas County,NA,NA,229250
NA,NA,Hioward County,NA,NA,1099
NA,NA,Hopewell County,NA,NA,650000
NA,NA,Hopklins County,NA,NA,0
NA,NA,Huron County,NA,NA,0
NA,NA,Iberia County,NA,NA,41564556
NA,NA,Iberville County,NA,NA,1731914919
NA,NA,Iredell And Rowan County,NA,NA,330938
NA,NA,Isle Of Wight County,NA,NA,6300363
NA,NA,Jackson County,NA,NA,60160075
NA,NA,"Jasper, Morgan, Newton And Walton County",NA,NA,13750000
NA,NA,Jeff Davis County,NA,NA,106950
NA,NA,Jefferson County,NA,NA,419143005
NA,NA,Jefferson Davis County,NA,NA,29780920
NA,NA,Johnston County,NA,NA,3760
NA,NA,"Johnston, Nash, Wake County",NA,NA,230961
NA,NA,Kane County,NA,NA,28925
NA,NA,Kentucky County,NA,NA,200000
NA,NA,"Kern, Fresno, Los Angeles County",NA,NA,0
NA,NA,"Kern, Orange County",NA,NA,0
NA,NA,"Kern, San Bernardino County",NA,NA,0
NA,NA,"Kern, Santa Barbara, Ventura County",NA,NA,0
NA,NA,"Kern, Tulare County",NA,NA,0
NA,NA,King And Queen County,NA,NA,475000
NA,NA,"Kings, San Joaquin County",NA,NA,0
NA,NA,La Grange County,NA,NA,3720000
NA,NA,La Porte County,NA,NA,13350000
NA,NA,La Salle County,NA,NA,120426351
NA,NA,Lafayette County,NA,NA,167149003
NA,NA,Lafourche County,NA,NA,130436515
NA,NA,Lagrange County,NA,NA,28813000
NA,NA,"Lancaster, Northumberland, Richmond, Westmoreland County",NA,NA,111997
NA,NA,Laporte County,NA,NA,41255200
NA,NA,Lasalle County,NA,NA,6700000
NA,NA,"Lee, Alamance County",NA,NA,1340000
NA,NA,Lennox County,NA,NA,0
NA,NA,Lewis &Amp; Clark County,NA,NA,607723
NA,NA,Lincoln County,NA,NA,75219621
NA,NA,Livingston County,NA,NA,108940310
NA,NA,Lodo County,NA,NA,1316796
NA,NA,Lorrain County,NA,NA,0
NA,NA,"Los Angeles, Fresno County",NA,NA,0
NA,NA,"Los Angeles, Orange County",NA,NA,0
NA,NA,"Los Angeles, Orange, San Diego, Ventura County",NA,NA,0
NA,NA,"Los Angeles, Riverside County",NA,NA,0
NA,NA,"Los Angeles, Riverside, Santa Clara County",NA,NA,0
NA,NA,"Los Angeles, San Bernardino County",NA,NA,0
NA,NA,"Los Angeles, San Diego County",NA,NA,0
NA,NA,"Los Angeles, San Diego, San Francisco County",NA,NA,0
NA,NA,"Los Angeles, San Joaquin County",NA,NA,0
NA,NA,"Los Angeles, Santa Barbara County",NA,NA,0
NA,NA,"Los Angeles, Santa Clara County",NA,NA,0
NA,NA,"Los Angeles, Stanislaus County",NA,NA,0
NA,NA,"Los Angeles, Ventura County",NA,NA,0
NA,NA,Loundon County,NA,NA,500000
NA,NA,Lynchburg County,NA,NA,390228
NA,NA,Lyons County,NA,NA,55500
NA,NA,Madison County,NA,NA,1622500
NA,NA,Mainette County,NA,NA,812573
NA,NA,"Manatee, Sarasota County",NA,NA,113071
NA,NA,Maricopa County,NA,NA,369775
NA,NA,Mccracken County,NA,NA,765528420
NA,NA,Mccreary County,NA,NA,11337320
NA,NA,Mccullock County,NA,NA,0
NA,NA,Mccurtain County,NA,NA,5980537
NA,NA,Mcdowell County,NA,NA,2642897
NA,NA,Mchenry County,NA,NA,10407299
NA,NA,Mckinley County,NA,NA,3869958
NA,NA,Mclean County,NA,NA,11690112
NA,NA,Mclennan County,NA,NA,500000
NA,NA,Mcminn County,NA,NA,9177245
NA,NA,Mcnairy County,NA,NA,3726889
NA,NA,Mcpherson County,NA,NA,1355000
NA,NA,Mecklenburg And New Hanover County,NA,NA,188759
NA,NA,Mecklenburg And Southampton County,NA,NA,450000
NA,NA,Mecklenburg County,NA,NA,90835
NA,NA,"Mecklenburg, New Hanover County",NA,NA,5216068
NA,NA,"Mecklenburg, New Hanover, Pender County",NA,NA,4050262
NA,NA,"Mecklenburg, Rowan County",NA,NA,1860373
NA,NA,"Mecklenburg, Union County",NA,NA,904212
NA,NA,"Mecklenburg, Wake County",NA,NA,87271500
NA,NA,Mecklenburg/ Wake County,NA,NA,378000
NA,NA,Mecklenburg? County,NA,NA,87500000
NA,NA,"Merced, San Joaquin County",NA,NA,0
NA,NA,Mercer County,NA,NA,19167
NA,NA,Miami/Brevard County,NA,NA,198172
NA,NA,Miami_dade County,NA,NA,5435000
NA,NA,Middlesex And Somerset County,NA,NA,11486250
NA,NA,Montgomer County,NA,NA,25616
NA,NA,"Montgomery, Bucks County",NA,NA,355908
NA,NA,"Montgomery, Philadelphia, Bucks County",NA,NA,360684
NA,NA,Morehouse County,NA,NA,36795639
NA,NA,Morris County,NA,NA,37814
NA,NA,Morris/Burlington County,NA,NA,10721250
NA,NA,Multi Counties County,NA,NA,13681134
NA,NA,Multi County County,NA,NA,59364000
NA,NA,Multi- County,NA,NA,1200000
NA,NA,Multicounty County,NA,NA,66473692
NA,NA,Multiple Counties County,NA,NA,219259034
NA,NA,Multiple County,NA,NA,162004606
NA,NA,Mutiple County,NA,NA,843354
NA,NA,Nashville County,NA,NA,110400
NA,NA,Natchitoches County,NA,NA,100575087
NA,NA,Navajo Nation County,NA,NA,207961
NA,NA,New Hanover And Pender County,NA,NA,4249156
NA,NA,New Hanover Pender County,NA,NA,543807
NA,NA,"New Hanover, Pender County",NA,NA,324853
NA,NA,"New Hanover, Pender, Sampson County",NA,NA,715382
NA,NA,"New Hanover, Pender, Wake County",NA,NA,3916254
NA,NA,Norfolk County,NA,NA,5222500
NA,NA,Nortfolk County,NA,NA,1925000
NA,NA,O'brien County,NA,NA,195300
NA,NA,Oakland County,NA,NA,203355
NA,NA,Obrien County,NA,NA,276504
NA,NA,Oconee And Athens-Clarke County,NA,NA,77700000
NA,NA,Onslow County,NA,NA,23057
NA,NA,Orange AndAlameda County,NA,NA,278243
NA,NA,"Orange, Los Angeles, Santa Barbara County",NA,NA,0
NA,NA,"Orange, Placer, Santa Clara County",NA,NA,0
NA,NA,"Orange, Riverside County",NA,NA,0
NA,NA,"Orange, Riverside, San Diego County",NA,NA,0
NA,NA,"Orange, San Bernardino County",NA,NA,0
NA,NA,"Orange, San Diego, Yolo County",NA,NA,0
NA,NA,Orange/Seminole County,NA,NA,80066
NA,NA,Orlando County,NA,NA,9973237
NA,NA,Orleans County,NA,NA,445189159
NA,NA,Ouachita County,NA,NA,136549972
NA,NA,Outgamie County,NA,NA,12000
NA,NA,Palm Beach County,NA,NA,532957
NA,NA,Parkville County,NA,NA,346985
NA,NA,Passaic/Essex County,NA,NA,16937500
NA,NA,Petersburg County,NA,NA,200000
NA,NA,Pilger County,NA,NA,176000
NA,NA,"Placer, Alpine, El Dorado County",NA,NA,0
NA,NA,"Placer, Fresno, Shasta, Santa Clara County",NA,NA,0
NA,NA,Plankinton County,NA,NA,0
NA,NA,Plano County,NA,NA,0
NA,NA,Plaquemines County,NA,NA,906431558
NA,NA,Pleasanton County,NA,NA,0
NA,NA,Pocahantas County,NA,NA,1059373
NA,NA,Pointe Coupee County,NA,NA,29533065
NA,NA,"Pontotoc, Union And Lee County",NA,NA,354000000
NA,NA,Pontotoc/Lee County,NA,NA,46500
NA,NA,Portsmouth County,NA,NA,1360
NA,NA,Prentiss County County,NA,NA,20000
NA,NA,Ptt County,NA,NA,40666
NA,NA,Qns County,NA,NA,1112830
NA,NA,Randolph/Guilford County,NA,NA,1500000
NA,NA,Rapides County,NA,NA,487771431
NA,NA,Red River County,NA,NA,65327255
NA,NA,Redfield County,NA,NA,0
NA,NA,Richland County,NA,NA,37581987
NA,NA,"Richmond, Rockingham, Rowan, Wake County",NA,NA,340683
NA,NA,Richmond/Henrico County,NA,NA,2142618
NA,NA,"Riverside, Los Angeles County",NA,NA,0
NA,NA,"Riverside, Sacramento County",NA,NA,0
NA,NA,"Riverside, San Bernardino County",NA,NA,0
NA,NA,"Riverside, San Diego County",NA,NA,0
NA,NA,"Riverside, San Joaquin County",NA,NA,0
NA,NA,Robeson County,NA,NA,36400
NA,NA,Rockville County,NA,NA,17557
NA,NA,Rome-Floyd County,NA,NA,3000000
NA,NA,Rowan County,NA,NA,8103
NA,NA,Rutherford County,NA,NA,34694
NA,NA,Sabine County,NA,NA,13148131
NA,NA,Sacrament O County,NA,NA,1726785
NA,NA,"Sacramento, Fresno County",NA,NA,0
NA,NA,"Sacramento, Placer, El Dorado, Sutter County",NA,NA,0
NA,NA,"Sacramento, San Joaquin County",NA,NA,0
NA,NA,"Sacramento, Solano, Placer County",NA,NA,0
NA,NA,Saint Mary's County,NA,NA,691271
NA,NA,Salem/Cumberland County,NA,NA,1287000
NA,NA,"Salt Lake, Utah, Davis County",NA,NA,2192288
NA,NA,"Sampson, Richmond County",NA,NA,1905000
NA,NA,"San Bernardino, Kern County",NA,NA,0
NA,NA,"San Bernardino, Los Angeles County",NA,NA,0
NA,NA,"San Bernardino, Riverside County",NA,NA,0
NA,NA,"San Bernardino, Riverside, Los County",NA,NA,0
NA,NA,"San Diego, Sacramento County",NA,NA,0
NA,NA,"San Diego, San Bernardino County",NA,NA,0
NA,NA,"San Joaquin, Fresno County",NA,NA,0
NA,NA,"San Joaquin, Los Angeles County",NA,NA,0
NA,NA,"San Joaquin, Madera, Kern County",NA,NA,0
NA,NA,"San Joaquin, Stanislaus County",NA,NA,0
NA,NA,"San Joaquin, Sutter County",NA,NA,0
NA,NA,"San Joaquin, Ventura County",NA,NA,0
NA,NA,"San Joaquin, Yuba County",NA,NA,0
NA,NA,San Juan (Navajo Nation) County,NA,NA,155000
NA,NA,San LuisObispo County,NA,NA,64063
NA,NA,"San Mateo, Solano County",NA,NA,0
NA,NA,"Santa Barbara, Ventura, Los Angeles, Orange County",NA,NA,0
NA,NA,"Santa Clara, San Benito County",NA,NA,0
NA,NA,"Santa Clara, San Joaquin County",NA,NA,0
NA,NA,"Santa Clara, Santa Cruz County",NA,NA,0
NA,NA,"Santa Clara, Stanislaus County",NA,NA,0
NA,NA,"Santa Cruz, Monterey County",NA,NA,0
NA,NA,"Santa Cruz, Stanislaus County",NA,NA,0
NA,NA,"Santa Cruz, Ventura County",NA,NA,0
NA,NA,SanBernardino County,NA,NA,113807
NA,NA,"Shasta, Stanislaus County",NA,NA,0
NA,NA,"Shasta, Trinity County",NA,NA,0
NA,NA,"Shasta, Yuba County",NA,NA,0
NA,NA,Sioux Falls County,NA,NA,0
NA,NA,Smyth And Washington County,NA,NA,165556
NA,NA,Smyth/Washington County,NA,NA,300000
NA,NA,St Bernard County,NA,NA,4159137
NA,NA,St Charles County,NA,NA,206659881
NA,NA,St James County,NA,NA,43052376
NA,NA,St John The Baptist County,NA,NA,76330491
NA,NA,St Joseph County,NA,NA,20699776
NA,NA,St Martin County,NA,NA,211715
NA,NA,St Mary County,NA,NA,1397023
NA,NA,St Tammany County,NA,NA,1819891
NA,NA,St. Bernard County,NA,NA,239639994
NA,NA,St. Charles &Amp; St. Louis County,NA,NA,1780000
NA,NA,St. Charles County,NA,NA,2024471752
NA,NA,St. Francis County,NA,NA,22616
NA,NA,St. Helena County,NA,NA,1750912
NA,NA,St. James County,NA,NA,2000163356
NA,NA,St. John The Baptist County,NA,NA,220808249
NA,NA,St. Landry County,NA,NA,18199719
NA,NA,St. Lucie/Palm Beach County,NA,NA,135000000
NA,NA,St. Martin County,NA,NA,28280901
NA,NA,St. Mary County,NA,NA,151453406
NA,NA,St. Tammany County,NA,NA,116684825
NA,NA,Stanislaus; Fresno; Sonoma; San Mateo County,NA,NA,0
NA,NA,Statewide County,NA,NA,52369153
NA,NA,Statewide Project County,NA,NA,55619686
NA,NA,Staunton County,NA,NA,100000
NA,NA,Stjoseph County,NA,NA,11668858
NA,NA,Suffolk County,NA,NA,650000
NA,NA,Surry County,NA,NA,5423
NA,NA,Tampa/St Pete/Sarasota County,NA,NA,84420
NA,NA,Tangipahoa County,NA,NA,36806180
NA,NA,Terrebonne County,NA,NA,126571003
NA,NA,Travis County,NA,NA,162695
NA,NA,"Tulare, Stanislaus County",NA,NA,0
NA,NA,Union County,NA,NA,7306614
NA,NA,Urbana County,NA,NA,21890
NA,NA,Vanwert County,NA,NA,1175377
NA,NA,Various Counties County,NA,NA,13858835
NA,NA,Various County,NA,NA,5923584
NA,NA,"Ventura, Tulare County",NA,NA,0
NA,NA,Vermilion County,NA,NA,9656353
NA,NA,Vernon County,NA,NA,5848167
NA,NA,Virginia Beach County,NA,NA,319200
NA,NA,Wake County,NA,NA,12855
NA,NA,Wake/Franklin/Durham County,NA,NA,200000
NA,NA,Warren/Washington County,NA,NA,969250
NA,NA,Washington County,NA,NA,123852964
NA,NA,Watertown County,NA,NA,0
NA,NA,Wayne; Eaton County,NA,NA,2000000
NA,NA,Wayne; Washtenaw County,NA,NA,152300000
NA,NA,Webster County,NA,NA,33822105
NA,NA,West Baton Rouge And Iberville Parishes County,NA,NA,187200000
NA,NA,West Baton Rouge County,NA,NA,911615107
NA,NA,West Carroll County,NA,NA,79710
NA,NA,West Feliciana County,NA,NA,59664721
NA,NA,Westchester County,NA,NA,280500
NA,NA,Whitfield And Murray County,NA,NA,105600000
NA,NA,Wichita Falls County,NA,NA,0
NA,NA,Wight County,NA,NA,200000
NA,NA,Wilkes County,NA,NA,9054
NA,NA,Winn County,NA,NA,7274919
NA,NA,Winnesheik County,NA,NA,110955
NA,NA,"Yolo, Colusa County",NA,NA,0
NA,NA,"Yolo, Los Angeles County",NA,NA,0
NA,NA,"Yolo, Solano, Los Angeles County",NA,NA,0
NA,NA,York/Chester County,NA,NA,364088
